{"stats":{"minecraft:crafted":{"minecraft:smooth_stone":113,"minecraft:oak_planks":148,"minecraft:oak_sign":9,"minecraft:melon":5,"minecraft:blaze_powder":14,"minecraft:slime_block":10,"minecraft:stone":566,"minecraft:diamond_shovel":1,"minecraft:lever":5,"minecraft:bookshelf":1,"minecraft:shulker_box":10,"minecraft:cooked_mutton":11,"minecraft:bamboo_block":7,"minecraft:cake":8,"minecraft:glass":1344,"minecraft:hopper":20,"minecraft:iron_boots":9,"minecraft:diamond_helmet":2,"minecraft:repeater":9,"minecraft:bow":12,"minecraft:diamond_leggings":1,"minecraft:chest":67,"minecraft:oak_button":1,"minecraft:rail":16,"minecraft:stone_hoe":1,"minecraft:ender_eye":12,"minecraft:stone_bricks":12,"minecraft:smoker":1,"minecraft:dropper":17,"minecraft:emerald":118,"minecraft:arrow":32,"minecraft:cooked_porkchop":29,"minecraft:diamond_axe":1,"minecraft:crafting_table":8,"minecraft:acacia_slab":12,"minecraft:wooden_pickaxe":1,"minecraft:baked_potato":180,"minecraft:sticky_piston":42,"minecraft:fletching_table":4,"minecraft:dispenser":2,"minecraft:apple":36,"minecraft:bamboo_planks":14,"minecraft:lectern":1,"minecraft:iron_chestplate":1,"minecraft:book":11,"minecraft:paper":30,"minecraft:diamond_pickaxe":1,"minecraft:shield":1,"minecraft:stick":3044,"minecraft:iron_ingot":59,"minecraft:iron_pickaxe":1,"minecraft:iron_block":3,"minecraft:stone_sword":1,"minecraft:gold_ingot":18,"minecraft:redstone_torch":31,"minecraft:shears":2,"minecraft:cookie":72,"minecraft:stone_shovel":1,"minecraft:tripwire_hook":2,"minecraft:diamond_hoe":1,"minecraft:furnace":21,"minecraft:acacia_fence_gate":17,"minecraft:blast_furnace":1,"minecraft:piston":57,"minecraft:bone_meal":627,"minecraft:flint_and_steel":2,"minecraft:polished_deepslate":144,"minecraft:iron_axe":2,"minecraft:iron_hoe":2,"minecraft:slime_ball":36,"minecraft:stone_pickaxe":2,"minecraft:diamond_boots":1,"minecraft:observer":4,"minecraft:minecart":3,"minecraft:wheat":1062,"minecraft:cooked_beef":35,"minecraft:red_dye":3,"minecraft:diamond_sword":1,"minecraft:powered_rail":6,"minecraft:acacia_trapdoor":16,"minecraft:red_bed":3,"minecraft:polished_granite":24,"minecraft:bucket":14,"minecraft:acacia_stairs":32,"minecraft:stone_axe":1,"minecraft:glowstone":5,"minecraft:enchanted_book":1,"minecraft:bread":278,"minecraft:acacia_boat":5,"minecraft:air":0,"minecraft:acacia_sign":3,"minecraft:iron_shovel":1,"minecraft:anvil":1,"minecraft:white_bed":16,"minecraft:note_block":1,"minecraft:acacia_planks":2020,"minecraft:torch":84,"minecraft:diamond_chestplate":1},"minecraft:custom":{"minecraft:interact_with_crafting_table":157,"minecraft:open_shulker_box":41,"minecraft:bell_ring":26,"minecraft:eat_cake_slice":3,"minecraft:leave_game":43,"minecraft:time_since_death":21046,"minecraft:sprint_one_cm":2424302,"minecraft:damage_blocked_by_shield":2265,"minecraft:drop":368,"minecraft:talked_to_villager":142,"minecraft:play_time":1153487,"minecraft:deaths":6,"minecraft:jump":12759,"minecraft:interact_with_brewingstand":1,"minecraft:walk_on_water_one_cm":96896,"minecraft:interact_with_furnace":285,"minecraft:traded_with_villager":163,"minecraft:sleep_in_bed":45,"minecraft:open_enderchest":9,"minecraft:damage_dealt":96720,"minecraft:crouch_one_cm":293874,"minecraft:interact_with_smoker":40,"minecraft:inspect_dropper":2,"minecraft:interact_with_anvil":7,"minecraft:mob_kills":560,"minecraft:inspect_hopper":8,"minecraft:climb_one_cm":8946,"minecraft:walk_one_cm":3031378,"minecraft:sneak_time":85514,"minecraft:walk_under_water_one_cm":81205,"minecraft:boat_one_cm":58247,"minecraft:interact_with_blast_furnace":28,"minecraft:total_world_time":1153487,"minecraft:time_since_rest":21075,"minecraft:damage_taken":9701,"minecraft:swim_one_cm":39714,"minecraft:fly_one_cm":11400276,"minecraft:open_chest":518,"minecraft:aviate_one_cm":1102142,"minecraft:fall_one_cm":477050},"minecraft:broken":{"minecraft:iron_shovel":1,"minecraft:diamond_helmet":1,"minecraft:stone_shovel":1,"minecraft:iron_hoe":1,"minecraft:diamond_chestplate":1,"minecraft:stone_hoe":1,"minecraft:iron_axe":1,"minecraft:iron_pickaxe":1},"minecraft:killed_by":{"minecraft:enderman":1,"minecraft:ender_dragon":1,"minecraft:skeleton":2},"minecraft:picked_up":{"minecraft:shulker_shell":20,"minecraft:wheat":420,"minecraft:nether_brick_fence":1,"minecraft:sentry_armor_trim_smithing_template":2,"minecraft:diamond_sword":5,"minecraft:enchanted_book":3,"minecraft:stone_brick_stairs":8,"minecraft:brewing_stand":2,"minecraft:polished_deepslate":5,"minecraft:string":52,"minecraft:raw_copper":35,"minecraft:cooked_salmon":2,"minecraft:sticky_piston":16,"minecraft:oak_sign":10,"minecraft:diamond_leggings":5,"minecraft:cobbled_deepslate":277,"minecraft:smooth_stone":78,"minecraft:acacia_sign":4,"minecraft:bucket":9,"minecraft:eye_armor_trim_smithing_template":9,"minecraft:acacia_fence_gate":9,"minecraft:redstone_torch":55,"minecraft:ender_eye":1,"minecraft:iron_pickaxe":1,"minecraft:melon_slice":51,"minecraft:furnace":1,"minecraft:stick":102,"minecraft:acacia_fence":14,"minecraft:composter":23,"minecraft:torch":64,"minecraft:acacia_log":623,"minecraft:purpur_pillar":10,"minecraft:porkchop":29,"minecraft:diorite":13,"minecraft:orange_bed":4,"minecraft:stone_sword":1,"minecraft:cactus":8,"minecraft:rotten_flesh":83,"minecraft:blaze_rod":13,"minecraft:obsidian":138,"minecraft:blaze_powder":2,"minecraft:cobblestone":2663,"minecraft:cooked_beef":54,"minecraft:repeater":9,"minecraft:andesite":73,"minecraft:iron_door":6,"minecraft:water_bucket":4,"minecraft:jungle_log":2,"minecraft:smoker":2,"minecraft:potato":529,"minecraft:flint":12,"minecraft:tuff":156,"minecraft:acacia_boat":14,"minecraft:wither_skeleton_skull":3,"minecraft:dirt":2273,"minecraft:polished_granite":3,"minecraft:glass":99,"minecraft:bone":56,"minecraft:acacia_planks":315,"minecraft:bow":4,"minecraft:stonecutter":1,"minecraft:wheat_seeds":1771,"minecraft:bell":2,"minecraft:grindstone":1,"minecraft:mossy_stone_bricks":8,"minecraft:fletching_table":11,"minecraft:diamond_helmet":4,"minecraft:glowstone_dust":20,"minecraft:bamboo":1598,"minecraft:powered_rail":289,"minecraft:oak_planks":3,"minecraft:dropper":33,"minecraft:poisonous_potato":3,"minecraft:sand":3386,"minecraft:melon":1,"minecraft:acacia_stairs":91,"minecraft:shulker_box":51,"minecraft:barrel":3,"minecraft:mossy_cobblestone":12,"minecraft:iron_hoe":3,"minecraft:dispenser":1,"minecraft:diamond":48,"minecraft:slime_block":10,"minecraft:lever":12,"minecraft:granite":82,"minecraft:bone_meal":15,"minecraft:emerald":55,"minecraft:bread":128,"minecraft:oak_sapling":5,"minecraft:netherrack":201,"minecraft:crimson_roots":2,"minecraft:diamond_pickaxe":5,"minecraft:end_stone_bricks":16,"minecraft:cocoa_beans":6,"minecraft:crafting_table":16,"minecraft:brown_mushroom":23,"minecraft:wooden_pickaxe":1,"minecraft:gold_block":2,"minecraft:dragon_head":1,"minecraft:purpur_block":26,"minecraft:shield":4,"minecraft:red_bed":48,"minecraft:elytra":2,"minecraft:iron_axe":2,"minecraft:acacia_door":3,"minecraft:flint_and_steel":1,"minecraft:iron_shovel":4,"minecraft:cracked_stone_bricks":3,"minecraft:cartography_table":2,"minecraft:beef":45,"minecraft:observer":3,"minecraft:poppy":46,"minecraft:minecart":22,"minecraft:lectern":31,"minecraft:chest":49,"minecraft:sugar_cane":319,"minecraft:diamond_hoe":2,"minecraft:egg":3,"minecraft:raw_iron":79,"minecraft:cake":2,"minecraft:cookie":72,"minecraft:carrot":4225,"minecraft:redstone":409,"minecraft:prismarine_crystals":4,"minecraft:tnt":2,"minecraft:arrow":50,"minecraft:diamond_chestplate":2,"minecraft:cooked_cod":3,"minecraft:beetroot_seeds":10,"minecraft:nether_bricks":1,"minecraft:shears":2,"minecraft:diamond_boots":5,"minecraft:purpur_slab":9,"minecraft:hay_block":118,"minecraft:gold_ingot":23,"minecraft:mutton":19,"minecraft:bone_block":118,"minecraft:rail":314,"minecraft:white_wool":53,"minecraft:tripwire_hook":11,"minecraft:leather":27,"minecraft:red_mushroom":22,"minecraft:acacia_wood":60,"minecraft:filled_map":1,"minecraft:purpur_stairs":1,"minecraft:oak_log":41,"minecraft:lily_pad":1,"minecraft:gunpowder":7,"minecraft:paper":2,"minecraft:orange_terracotta":66,"minecraft:cooked_mutton":6,"minecraft:apple":41,"minecraft:stone_bricks":67,"minecraft:kelp":14,"minecraft:acacia_trapdoor":22,"minecraft:wild_armor_trim_smithing_template":4,"minecraft:heart_of_the_sea":1,"minecraft:iron_ingot":187,"minecraft:glass_bottle":3,"minecraft:acacia_sapling":10,"minecraft:book":775,"minecraft:warped_fungus":1,"minecraft:pumpkin":26,"minecraft:quartz":60,"minecraft:dandelion":5,"minecraft:gravel":104,"minecraft:blast_furnace":4,"minecraft:white_bed":11,"minecraft:mossy_stone_brick_slab":1,"minecraft:spider_eye":5,"minecraft:diamond_shovel":4,"minecraft:slime_ball":160,"minecraft:diamond_axe":6,"minecraft:warped_roots":12,"minecraft:oak_button":1,"minecraft:brown_banner":15,"minecraft:acacia_slab":195,"minecraft:melon_seeds":22,"minecraft:warped_nylium":6,"minecraft:mangrove_propagule":1,"minecraft:coal":238,"minecraft:hopper":4,"minecraft:ender_pearl":12},"minecraft:dropped":{"minecraft:warped_fungus":1,"minecraft:glass_bottle":2,"minecraft:warped_roots":10,"minecraft:cracked_stone_bricks":3,"minecraft:purpur_stairs":1,"minecraft:rail":61,"minecraft:dirt":372,"minecraft:mutton":3,"minecraft:bone":13,"minecraft:gravel":7,"minecraft:cobbled_deepslate":4,"minecraft:wheat":38,"minecraft:rotten_flesh":33,"minecraft:nether_brick_fence":1,"minecraft:carrot":2728,"minecraft:poppy":75,"minecraft:gunpowder":2,"minecraft:acacia_sapling":1,"minecraft:melon_seeds":3,"minecraft:jungle_log":2,"minecraft:acacia_slab":1,"minecraft:arrow":15,"minecraft:end_stone_bricks":10,"minecraft:glass":2,"minecraft:netherrack":8,"minecraft:water_bucket":1,"minecraft:iron_ingot":1,"minecraft:bread":410,"minecraft:wheat_seeds":57,"minecraft:poisonous_potato":2,"minecraft:cobblestone":277,"minecraft:apple":5,"minecraft:stick":8,"minecraft:diorite":2,"minecraft:iron_door":1,"minecraft:iron_axe":1,"minecraft:string":3,"minecraft:bucket":2,"minecraft:warped_nylium":3,"minecraft:raw_copper":4,"minecraft:iron_boots":9,"minecraft:nether_bricks":1,"minecraft:shears":1,"minecraft:potato":1,"minecraft:stone":6,"minecraft:oak_button":1,"minecraft:orange_terracotta":2,"minecraft:mossy_stone_bricks":7,"minecraft:oak_sapling":3,"minecraft:spider_eye":3,"minecraft:diamond_boots":1,"minecraft:bow":2},"minecraft:killed":{"minecraft:spider":22,"minecraft:shulker":37,"minecraft:skeleton":56,"minecraft:chicken":3,"minecraft:silverfish":11,"minecraft:magma_cube":9,"minecraft:piglin":2,"minecraft:pig":15,"minecraft:zombie_villager":3,"minecraft:iron_golem":20,"minecraft:ender_dragon":1,"minecraft:creeper":23,"minecraft:sheep":18,"minecraft:zombie":91,"minecraft:ghast":1,"minecraft:blaze":17,"minecraft:cow":19,"minecraft:slime":152,"minecraft:drowned":4,"minecraft:wither_skeleton":16,"minecraft:villager":3,"minecraft:enderman":25},"minecraft:used":{"minecraft:polished_deepslate":101,"minecraft:iron_shovel":1265,"minecraft:dispenser":3,"minecraft:poppy":2,"minecraft:diamond_hoe":39,"minecraft:oak_sign":22,"minecraft:shield":28,"minecraft:chest":45,"minecraft:stone":344,"minecraft:bell":1,"minecraft:carrot":1736,"minecraft:tuff":58,"minecraft:acacia_sapling":1,"minecraft:obsidian":40,"minecraft:glass":1220,"minecraft:lava_bucket":21,"minecraft:warped_nylium":3,"minecraft:crimson_roots":2,"minecraft:stone_bricks":76,"minecraft:repeater":15,"minecraft:bow":36,"minecraft:oak_sapling":1,"minecraft:furnace":20,"minecraft:acacia_fence":4,"minecraft:potato":248,"minecraft:dragon_head":1,"minecraft:diorite":1,"minecraft:diamond_boots":1,"minecraft:dropper":5,"minecraft:oak_planks":8,"minecraft:stone_pickaxe":58,"minecraft:powered_rail":171,"minecraft:acacia_trapdoor":36,"minecraft:ender_pearl":1,"minecraft:wooden_pickaxe":3,"minecraft:composter":20,"minecraft:sugar_cane":19,"minecraft:diamond_axe":1386,"minecraft:sand":24,"minecraft:blast_furnace":5,"minecraft:note_block":1,"minecraft:shears":6,"minecraft:redstone_torch":34,"minecraft:sticky_piston":53,"minecraft:lever":16,"minecraft:acacia_door":1,"minecraft:string":31,"minecraft:bread":4,"minecraft:lectern":32,"minecraft:polished_granite":18,"minecraft:iron_door":5,"minecraft:gravel":41,"minecraft:diamond_sword":1565,"minecraft:andesite":1,"minecraft:tropical_fish_bucket":1,"minecraft:bone_meal":583,"minecraft:purpur_block":14,"minecraft:stone_sword":127,"minecraft:acacia_log":58,"minecraft:flint_and_steel":31,"minecraft:stone_shovel":143,"minecraft:redstone":51,"minecraft:stone_hoe":135,"minecraft:netherrack":79,"minecraft:orange_bed":2,"minecraft:anvil":1,"minecraft:torch":90,"minecraft:brewing_stand":1,"minecraft:dirt":1293,"minecraft:hopper":25,"minecraft:shulker_box":24,"minecraft:granite":21,"minecraft:iron_hoe":323,"minecraft:iron_axe":391,"minecraft:slime_block":16,"minecraft:acacia_slab":62,"minecraft:bamboo":142,"minecraft:diamond_chestplate":1,"minecraft:tripwire_hook":11,"minecraft:glowstone":5,"minecraft:minecart":20,"minecraft:cooked_beef":35,"minecraft:observer":7,"minecraft:cobbled_deepslate":15,"minecraft:acacia_planks":195,"minecraft:wheat_seeds":862,"minecraft:cooked_mutton":11,"minecraft:acacia_boat":18,"minecraft:water_bucket":114,"minecraft:baked_potato":113,"minecraft:fletching_table":15,"minecraft:warped_roots":2,"minecraft:rail":166,"minecraft:red_mushroom":1,"minecraft:crafting_table":16,"minecraft:red_bed":49,"minecraft:white_bed":26,"minecraft:cake":6,"minecraft:smoker":3,"minecraft:piston":2,"minecraft:ender_eye":11,"minecraft:acacia_stairs":101,"minecraft:diamond_pickaxe":4749,"minecraft:diamond_shovel":1091,"minecraft:acacia_sign":1,"minecraft:oak_button":1,"minecraft:iron_pickaxe":281,"minecraft:purpur_slab":3,"minecraft:acacia_fence_gate":23,"minecraft:stone_axe":108,"minecraft:cobblestone":769,"minecraft:potion":1,"minecraft:cooked_porkchop":29,"minecraft:bucket":163,"minecraft:diamond_leggings":1,"minecraft:smooth_stone":74},"minecraft:mined":{"minecraft:dragon_wall_head":1,"minecraft:spruce_planks":10,"minecraft:white_bed":11,"minecraft:farmland":56,"minecraft:mossy_stone_brick_slab":1,"minecraft:jungle_leaves":3,"minecraft:brewing_stand":2,"minecraft:obsidian":42,"minecraft:granite":83,"minecraft:acacia_log":526,"minecraft:grass_block":945,"minecraft:purpur_slab":5,"minecraft:composter":23,"minecraft:hopper":5,"minecraft:oak_wall_sign":12,"minecraft:acacia_pressure_plate":1,"minecraft:chiseled_stone_bricks":3,"minecraft:spawner":1,"minecraft:smooth_stone":2,"minecraft:magma_block":3,"minecraft:glowstone":6,"minecraft:iron_ore":60,"minecraft:barrel":3,"minecraft:cobbled_deepslate":3,"minecraft:sticky_piston":10,"minecraft:fire":24,"minecraft:pumpkin":12,"minecraft:fletching_table":11,"minecraft:dirt_path":215,"minecraft:iron_bars":12,"minecraft:end_stone_bricks":16,"minecraft:orange_bed":4,"minecraft:tripwire":22,"minecraft:piston_head":1,"minecraft:deepslate_redstone_ore":27,"minecraft:red_bed":46,"minecraft:kelp_plant":1,"minecraft:melon_stem":3,"minecraft:smoker":2,"minecraft:orange_terracotta":31,"minecraft:purpur_stairs":1,"minecraft:torch":20,"minecraft:blast_furnace":4,"minecraft:melon":9,"minecraft:poppy":6,"minecraft:chest":12,"minecraft:mushroom_stem":14,"minecraft:glass":107,"minecraft:nether_quartz_ore":15,"minecraft:cobblestone":437,"minecraft:slime_block":10,"minecraft:oak_planks":3,"minecraft:sugar_cane":188,"minecraft:grindstone":1,"minecraft:iron_door":9,"minecraft:wall_torch":11,"minecraft:repeater":8,"minecraft:warped_nylium":2,"minecraft:powered_rail":68,"minecraft:nether_wart_block":2,"minecraft:wheat":717,"minecraft:purpur_block":27,"minecraft:stone_brick_stairs":8,"minecraft:infested_mossy_stone_bricks":1,"minecraft:grass":620,"minecraft:oak_log":41,"minecraft:beetroots":5,"minecraft:acacia_fence":13,"minecraft:sand":569,"minecraft:dirt":725,"minecraft:dispenser":1,"minecraft:tripwire_hook":9,"minecraft:red_mushroom_block":90,"minecraft:stonecutter":1,"minecraft:netherrack":754,"minecraft:oak_leaves":28,"minecraft:deepslate":227,"minecraft:yellow_terracotta":31,"minecraft:tuff":111,"minecraft:mossy_cobblestone":6,"minecraft:deepslate_diamond_ore":41,"minecraft:end_stone":6,"minecraft:shulker_box":24,"minecraft:lever":8,"minecraft:glow_lichen":1,"minecraft:nether_bricks":1,"minecraft:jungle_planks":3,"minecraft:crimson_roots":2,"minecraft:redstone_wire":26,"minecraft:brown_mushroom_block":45,"minecraft:acacia_slab":66,"minecraft:kelp":5,"minecraft:cartography_table":2,"minecraft:mangrove_propagule":2,"minecraft:hay_block":118,"minecraft:redstone_ore":15,"minecraft:furnace":1,"minecraft:carrots":1352,"minecraft:acacia_trapdoor":20,"minecraft:nether_sprouts":1,"minecraft:acacia_wood":52,"minecraft:acacia_stairs":122,"minecraft:andesite":76,"minecraft:gold_block":2,"minecraft:bell":2,"minecraft:nether_brick_fence":1,"minecraft:polished_deepslate":5,"minecraft:bookshelf":135,"minecraft:potatoes":235,"minecraft:deepslate_iron_ore":12,"minecraft:rail":123,"minecraft:bamboo":149,"minecraft:stone":2071,"minecraft:bone_block":92,"minecraft:ender_chest":3,"minecraft:redstone_wall_torch":4,"minecraft:acacia_leaves":68,"minecraft:glass_pane":13,"minecraft:infested_stone_bricks":10,"minecraft:observer":3,"minecraft:dandelion":3,"minecraft:polished_granite":3,"minecraft:oak_fence":2,"minecraft:crafting_table":12,"minecraft:dropper":3,"minecraft:warped_roots":2,"minecraft:rose_bush":1,"minecraft:lectern":31,"minecraft:copper_ore":5,"minecraft:purpur_pillar":6,"minecraft:tall_grass":72,"minecraft:deepslate_gold_ore":1,"minecraft:lily_pad":1,"minecraft:sculk":1,"minecraft:diorite":18,"minecraft:spruce_stairs":2,"minecraft:cactus":3,"minecraft:acacia_fence_gate":8,"minecraft:redstone_torch":22,"minecraft:coal_ore":132,"minecraft:cocoa":1,"minecraft:gravel":87,"minecraft:acacia_door":2,"minecraft:cobweb":3,"minecraft:cracked_stone_bricks":30,"minecraft:acacia_planks":215,"minecraft:oak_button":1,"minecraft:stone_bricks":77,"minecraft:mossy_stone_bricks":40,"minecraft:fern":5}},"DataVersion":3465}