{"stats":{"minecraft:dropped":{"minecraft:bread":307,"minecraft:iron_axe":1,"minecraft:bucket":1,"minecraft:wheat":34,"minecraft:poppy":3},"minecraft:custom":{"minecraft:mob_kills":49,"minecraft:interact_with_crafting_table":42,"minecraft:bell_ring":6,"minecraft:leave_game":8,"minecraft:time_since_death":187115,"minecraft:sprint_one_cm":495523,"minecraft:walk_one_cm":492621,"minecraft:drop":10,"minecraft:talked_to_villager":40,"minecraft:play_time":187115,"minecraft:sneak_time":25293,"minecraft:walk_under_water_one_cm":5711,"minecraft:jump":2931,"minecraft:interact_with_blast_furnace":6,"minecraft:walk_on_water_one_cm":48813,"minecraft:total_world_time":187115,"minecraft:interact_with_furnace":12,"minecraft:traded_with_villager":66,"minecraft:sleep_in_bed":12,"minecraft:time_since_rest":11268,"minecraft:damage_taken":1139,"minecraft:damage_dealt":6842,"minecraft:swim_one_cm":11246,"minecraft:fly_one_cm":601759,"minecraft:open_chest":73,"minecraft:crouch_one_cm":104312,"minecraft:interact_with_smoker":16,"minecraft:fall_one_cm":70843},"minecraft:crafted":{"minecraft:oak_planks":24,"minecraft:smooth_stone":3,"minecraft:stone_shovel":1,"minecraft:tripwire_hook":2,"minecraft:furnace":3,"minecraft:acacia_fence_gate":9,"minecraft:blast_furnace":1,"minecraft:stone":3,"minecraft:lever":1,"minecraft:diamond_shovel":1,"minecraft:bookshelf":1,"minecraft:cooked_mutton":11,"minecraft:hopper":1,"minecraft:diamond_helmet":1,"minecraft:bow":12,"minecraft:diamond_leggings":1,"minecraft:iron_axe":2,"minecraft:iron_hoe":1,"minecraft:stone_pickaxe":2,"minecraft:chest":15,"minecraft:diamond_boots":1,"minecraft:stone_hoe":1,"minecraft:smoker":1,"minecraft:wheat":540,"minecraft:cooked_beef":4,"minecraft:red_dye":3,"minecraft:diamond_sword":1,"minecraft:emerald":54,"minecraft:cooked_porkchop":29,"minecraft:diamond_axe":1,"minecraft:crafting_table":2,"minecraft:acacia_slab":6,"minecraft:wooden_pickaxe":1,"minecraft:acacia_trapdoor":2,"minecraft:red_bed":3,"minecraft:fletching_table":3,"minecraft:stone_axe":1,"minecraft:bread":191,"minecraft:air":0,"minecraft:book":11,"minecraft:paper":30,"minecraft:diamond_pickaxe":1,"minecraft:stick":1796,"minecraft:iron_ingot":30,"minecraft:iron_pickaxe":1,"minecraft:stone_sword":1,"minecraft:iron_shovel":1,"minecraft:white_bed":1,"minecraft:acacia_planks":1068,"minecraft:torch":20,"minecraft:shears":1,"minecraft:diamond_chestplate":1},"minecraft:picked_up":{"minecraft:crafting_table":7,"minecraft:wheat":82,"minecraft:brewing_stand":1,"minecraft:red_bed":3,"minecraft:string":34,"minecraft:raw_copper":9,"minecraft:iron_axe":1,"minecraft:cartography_table":2,"minecraft:cobbled_deepslate":200,"minecraft:bucket":1,"minecraft:beef":45,"minecraft:acacia_fence_gate":2,"minecraft:poppy":7,"minecraft:sugar_cane":48,"minecraft:chest":7,"minecraft:furnace":1,"minecraft:egg":1,"minecraft:stick":6,"minecraft:raw_iron":50,"minecraft:acacia_fence":6,"minecraft:composter":4,"minecraft:torch":16,"minecraft:acacia_log":237,"minecraft:porkchop":29,"minecraft:diorite":8,"minecraft:redstone":75,"minecraft:orange_bed":3,"minecraft:arrow":1,"minecraft:rotten_flesh":4,"minecraft:hay_block":60,"minecraft:mutton":11,"minecraft:cobblestone":164,"minecraft:white_wool":7,"minecraft:tripwire_hook":11,"minecraft:leather":22,"minecraft:smoker":2,"minecraft:acacia_wood":38,"minecraft:flint":7,"minecraft:tuff":51,"minecraft:oak_log":10,"minecraft:dirt":745,"minecraft:bone":2,"minecraft:acacia_planks":109,"minecraft:stonecutter":1,"minecraft:wheat_seeds":194,"minecraft:acacia_trapdoor":10,"minecraft:grindstone":1,"minecraft:iron_ingot":27,"minecraft:fletching_table":6,"minecraft:acacia_sapling":9,"minecraft:dandelion":5,"minecraft:gravel":38,"minecraft:blast_furnace":2,"minecraft:white_bed":3,"minecraft:acacia_stairs":3,"minecraft:barrel":3,"minecraft:diamond":41,"minecraft:lever":6,"minecraft:granite":17,"minecraft:bread":116,"minecraft:brown_banner":11,"minecraft:melon_seeds":11,"minecraft:coal":89,"minecraft:hopper":1},"minecraft:killed":{"minecraft:spider":2,"minecraft:skeleton":1,"minecraft:pig":13,"minecraft:iron_golem":2,"minecraft:creeper":3,"minecraft:sheep":7,"minecraft:zombie":1,"minecraft:cow":19},"minecraft:broken":{"minecraft:iron_shovel":1,"minecraft:stone_hoe":1,"minecraft:iron_axe":1,"minecraft:iron_pickaxe":1,"minecraft:stone_shovel":1},"minecraft:used":{"minecraft:stone_sword":127,"minecraft:iron_shovel":258,"minecraft:acacia_log":8,"minecraft:stone_shovel":143,"minecraft:chest":14,"minecraft:stone_hoe":135,"minecraft:orange_bed":1,"minecraft:torch":27,"minecraft:dirt":719,"minecraft:hopper":1,"minecraft:acacia_sapling":1,"minecraft:iron_hoe":128,"minecraft:iron_axe":391,"minecraft:tripwire_hook":11,"minecraft:furnace":2,"minecraft:cobbled_deepslate":13,"minecraft:acacia_planks":109,"minecraft:cooked_mutton":5,"minecraft:wheat_seeds":192,"minecraft:water_bucket":45,"minecraft:acacia_trapdoor":10,"minecraft:stone_pickaxe":58,"minecraft:wooden_pickaxe":3,"minecraft:diamond_axe":8,"minecraft:fletching_table":9,"minecraft:sugar_cane":16,"minecraft:crafting_table":8,"minecraft:red_bed":6,"minecraft:blast_furnace":3,"minecraft:white_bed":3,"minecraft:shears":6,"minecraft:smoker":3,"minecraft:lever":6,"minecraft:diamond_pickaxe":308,"minecraft:diamond_shovel":377,"minecraft:bread":4,"minecraft:string":29,"minecraft:iron_pickaxe":250,"minecraft:gravel":38,"minecraft:acacia_fence_gate":4,"minecraft:stone_axe":108,"minecraft:diamond_sword":16,"minecraft:cobblestone":4,"minecraft:cooked_porkchop":19,"minecraft:bucket":45},"minecraft:mined":{"minecraft:tuff":52,"minecraft:white_bed":3,"minecraft:farmland":21,"minecraft:deepslate_diamond_ore":41,"minecraft:brewing_stand":1,"minecraft:glow_lichen":1,"minecraft:lever":4,"minecraft:granite":17,"minecraft:acacia_log":246,"minecraft:grass_block":455,"minecraft:hopper":1,"minecraft:composter":4,"minecraft:cartography_table":2,"minecraft:hay_block":60,"minecraft:furnace":1,"minecraft:acacia_trapdoor":10,"minecraft:iron_ore":44,"minecraft:cobbled_deepslate":1,"minecraft:barrel":3,"minecraft:acacia_wood":40,"minecraft:acacia_stairs":3,"minecraft:fletching_table":6,"minecraft:deepslate_iron_ore":6,"minecraft:dirt_path":147,"minecraft:stone":160,"minecraft:tripwire":19,"minecraft:orange_bed":3,"minecraft:deepslate_redstone_ore":16,"minecraft:acacia_leaves":37,"minecraft:glass_pane":5,"minecraft:red_bed":3,"minecraft:melon_stem":2,"minecraft:smoker":2,"minecraft:dandelion":3,"minecraft:crafting_table":7,"minecraft:torch":4,"minecraft:blast_furnace":2,"minecraft:poppy":3,"minecraft:chest":7,"minecraft:tall_grass":20,"minecraft:copper_ore":2,"minecraft:cobblestone":4,"minecraft:grindstone":1,"minecraft:sugar_cane":32,"minecraft:sculk":1,"minecraft:diorite":8,"minecraft:wall_torch":5,"minecraft:acacia_fence_gate":2,"minecraft:wheat":54,"minecraft:grass":149,"minecraft:oak_log":10,"minecraft:coal_ore":56,"minecraft:acacia_fence":6,"minecraft:gravel":45,"minecraft:dirt":125,"minecraft:acacia_planks":109,"minecraft:tripwire_hook":8,"minecraft:stonecutter":1,"minecraft:oak_leaves":4,"minecraft:deepslate":202}},"DataVersion":3465}