{"stats":{"minecraft:crafted":{"minecraft:smooth_stone":3,"minecraft:oak_planks":128,"minecraft:oak_sign":9,"minecraft:melon":5,"minecraft:blaze_powder":14,"minecraft:slime_block":10,"minecraft:stone":560,"minecraft:diamond_shovel":1,"minecraft:lever":3,"minecraft:bookshelf":1,"minecraft:shulker_box":10,"minecraft:cooked_mutton":11,"minecraft:bamboo_block":7,"minecraft:cake":8,"minecraft:glass":1344,"minecraft:hopper":4,"minecraft:diamond_helmet":2,"minecraft:repeater":3,"minecraft:bow":12,"minecraft:diamond_leggings":1,"minecraft:chest":56,"minecraft:oak_button":1,"minecraft:rail":16,"minecraft:stone_hoe":1,"minecraft:ender_eye":12,"minecraft:stone_bricks":12,"minecraft:smoker":1,"minecraft:emerald":118,"minecraft:arrow":32,"minecraft:cooked_porkchop":29,"minecraft:diamond_axe":1,"minecraft:crafting_table":7,"minecraft:acacia_slab":12,"minecraft:wooden_pickaxe":1,"minecraft:baked_potato":180,"minecraft:sticky_piston":3,"minecraft:fletching_table":4,"minecraft:apple":36,"minecraft:bamboo_planks":14,"minecraft:lectern":1,"minecraft:book":11,"minecraft:paper":30,"minecraft:diamond_pickaxe":1,"minecraft:shield":1,"minecraft:stick":3040,"minecraft:iron_ingot":58,"minecraft:iron_pickaxe":1,"minecraft:iron_block":3,"minecraft:stone_sword":1,"minecraft:gold_ingot":18,"minecraft:redstone_torch":31,"minecraft:shears":2,"minecraft:cookie":72,"minecraft:stone_shovel":1,"minecraft:tripwire_hook":2,"minecraft:diamond_hoe":1,"minecraft:furnace":21,"minecraft:acacia_fence_gate":17,"minecraft:blast_furnace":1,"minecraft:piston":3,"minecraft:bone_meal":627,"minecraft:flint_and_steel":2,"minecraft:polished_deepslate":144,"minecraft:iron_axe":2,"minecraft:iron_hoe":2,"minecraft:stone_pickaxe":2,"minecraft:diamond_boots":1,"minecraft:observer":3,"minecraft:minecart":1,"minecraft:wheat":1062,"minecraft:cooked_beef":35,"minecraft:red_dye":3,"minecraft:diamond_sword":1,"minecraft:powered_rail":6,"minecraft:acacia_trapdoor":16,"minecraft:red_bed":3,"minecraft:polished_granite":24,"minecraft:bucket":14,"minecraft:acacia_stairs":32,"minecraft:stone_axe":1,"minecraft:glowstone":5,"minecraft:enchanted_book":1,"minecraft:bread":278,"minecraft:acacia_boat":5,"minecraft:air":0,"minecraft:iron_shovel":1,"minecraft:anvil":1,"minecraft:white_bed":13,"minecraft:acacia_planks":1856,"minecraft:torch":84,"minecraft:diamond_chestplate":1},"minecraft:custom":{"minecraft:interact_with_crafting_table":116,"minecraft:open_shulker_box":33,"minecraft:bell_ring":26,"minecraft:eat_cake_slice":3,"minecraft:leave_game":38,"minecraft:time_since_death":531301,"minecraft:sprint_one_cm":2042197,"minecraft:damage_blocked_by_shield":2265,"minecraft:drop":265,"minecraft:talked_to_villager":129,"minecraft:play_time":902413,"minecraft:deaths":4,"minecraft:jump":10601,"minecraft:interact_with_brewingstand":1,"minecraft:walk_on_water_one_cm":82632,"minecraft:interact_with_furnace":232,"minecraft:traded_with_villager":154,"minecraft:sleep_in_bed":36,"minecraft:open_enderchest":9,"minecraft:damage_dealt":73921,"minecraft:crouch_one_cm":203506,"minecraft:interact_with_smoker":37,"minecraft:interact_with_anvil":5,"minecraft:mob_kills":496,"minecraft:inspect_hopper":4,"minecraft:climb_one_cm":8946,"minecraft:walk_one_cm":2515778,"minecraft:sneak_time":60032,"minecraft:walk_under_water_one_cm":78902,"minecraft:boat_one_cm":35546,"minecraft:interact_with_blast_furnace":23,"minecraft:total_world_time":902413,"minecraft:time_since_rest":24845,"minecraft:damage_taken":7749,"minecraft:swim_one_cm":39444,"minecraft:fly_one_cm":10121694,"minecraft:open_chest":384,"minecraft:aviate_one_cm":1102142,"minecraft:fall_one_cm":389606},"minecraft:broken":{"minecraft:iron_shovel":1,"minecraft:diamond_helmet":1,"minecraft:stone_shovel":1,"minecraft:iron_hoe":1,"minecraft:stone_hoe":1,"minecraft:iron_axe":1,"minecraft:iron_pickaxe":1},"minecraft:killed_by":{"minecraft:enderman":1,"minecraft:ender_dragon":1},"minecraft:picked_up":{"minecraft:shulker_shell":20,"minecraft:wheat":419,"minecraft:nether_brick_fence":1,"minecraft:sentry_armor_trim_smithing_template":2,"minecraft:diamond_sword":3,"minecraft:enchanted_book":3,"minecraft:stone_brick_stairs":8,"minecraft:brewing_stand":2,"minecraft:polished_deepslate":5,"minecraft:string":48,"minecraft:raw_copper":35,"minecraft:cooked_salmon":2,"minecraft:sticky_piston":7,"minecraft:oak_sign":10,"minecraft:diamond_leggings":3,"minecraft:cobbled_deepslate":273,"minecraft:bucket":1,"minecraft:eye_armor_trim_smithing_template":9,"minecraft:acacia_fence_gate":9,"minecraft:redstone_torch":8,"minecraft:ender_eye":1,"minecraft:iron_pickaxe":1,"minecraft:melon_slice":51,"minecraft:furnace":1,"minecraft:stick":86,"minecraft:acacia_fence":14,"minecraft:composter":22,"minecraft:torch":62,"minecraft:acacia_log":502,"minecraft:purpur_pillar":10,"minecraft:porkchop":29,"minecraft:diorite":11,"minecraft:orange_bed":4,"minecraft:stone_sword":1,"minecraft:cactus":8,"minecraft:rotten_flesh":46,"minecraft:blaze_rod":13,"minecraft:obsidian":138,"minecraft:blaze_powder":2,"minecraft:cobblestone":1827,"minecraft:cooked_beef":54,"minecraft:andesite":72,"minecraft:iron_door":6,"minecraft:water_bucket":4,"minecraft:jungle_log":2,"minecraft:smoker":2,"minecraft:potato":528,"minecraft:flint":12,"minecraft:tuff":60,"minecraft:acacia_boat":8,"minecraft:wither_skeleton_skull":3,"minecraft:dirt":1646,"minecraft:polished_granite":3,"minecraft:bone":47,"minecraft:acacia_planks":209,"minecraft:bow":4,"minecraft:stonecutter":1,"minecraft:wheat_seeds":1730,"minecraft:bell":2,"minecraft:grindstone":1,"minecraft:mossy_stone_bricks":8,"minecraft:fletching_table":11,"minecraft:diamond_helmet":2,"minecraft:glowstone_dust":20,"minecraft:bamboo":1598,"minecraft:powered_rail":206,"minecraft:oak_planks":3,"minecraft:poisonous_potato":3,"minecraft:sand":3386,"minecraft:melon":1,"minecraft:acacia_stairs":78,"minecraft:shulker_box":36,"minecraft:barrel":3,"minecraft:mossy_cobblestone":12,"minecraft:iron_hoe":3,"minecraft:diamond":48,"minecraft:slime_block":6,"minecraft:lever":7,"minecraft:granite":64,"minecraft:bone_meal":15,"minecraft:emerald":55,"minecraft:bread":128,"minecraft:oak_sapling":4,"minecraft:netherrack":92,"minecraft:crimson_roots":2,"minecraft:diamond_pickaxe":3,"minecraft:end_stone_bricks":16,"minecraft:cocoa_beans":6,"minecraft:crafting_table":16,"minecraft:brown_mushroom":23,"minecraft:wooden_pickaxe":1,"minecraft:gold_block":2,"minecraft:dragon_head":1,"minecraft:purpur_block":26,"minecraft:shield":4,"minecraft:red_bed":47,"minecraft:elytra":2,"minecraft:iron_axe":2,"minecraft:acacia_door":2,"minecraft:flint_and_steel":1,"minecraft:iron_shovel":2,"minecraft:cracked_stone_bricks":3,"minecraft:cartography_table":2,"minecraft:beef":45,"minecraft:poppy":16,"minecraft:minecart":11,"minecraft:lectern":31,"minecraft:chest":41,"minecraft:sugar_cane":288,"minecraft:egg":3,"minecraft:raw_iron":78,"minecraft:cake":2,"minecraft:cookie":72,"minecraft:carrot":2900,"minecraft:redstone":90,"minecraft:prismarine_crystals":4,"minecraft:tnt":2,"minecraft:arrow":41,"minecraft:diamond_chestplate":2,"minecraft:cooked_cod":3,"minecraft:beetroot_seeds":10,"minecraft:nether_bricks":1,"minecraft:shears":2,"minecraft:diamond_boots":3,"minecraft:purpur_slab":9,"minecraft:hay_block":118,"minecraft:gold_ingot":23,"minecraft:mutton":19,"minecraft:bone_block":118,"minecraft:rail":234,"minecraft:white_wool":44,"minecraft:tripwire_hook":11,"minecraft:leather":27,"minecraft:red_mushroom":22,"minecraft:acacia_wood":60,"minecraft:filled_map":1,"minecraft:purpur_stairs":1,"minecraft:oak_log":36,"minecraft:lily_pad":1,"minecraft:gunpowder":2,"minecraft:paper":2,"minecraft:orange_terracotta":62,"minecraft:cooked_mutton":6,"minecraft:apple":41,"minecraft:stone_bricks":67,"minecraft:kelp":14,"minecraft:acacia_trapdoor":20,"minecraft:wild_armor_trim_smithing_template":4,"minecraft:heart_of_the_sea":1,"minecraft:iron_ingot":110,"minecraft:glass_bottle":3,"minecraft:acacia_sapling":9,"minecraft:book":775,"minecraft:warped_fungus":1,"minecraft:pumpkin":26,"minecraft:quartz":32,"minecraft:dandelion":5,"minecraft:gravel":104,"minecraft:blast_furnace":3,"minecraft:white_bed":8,"minecraft:mossy_stone_brick_slab":1,"minecraft:spider_eye":5,"minecraft:diamond_shovel":2,"minecraft:slime_ball":96,"minecraft:diamond_axe":4,"minecraft:warped_roots":12,"minecraft:oak_button":1,"minecraft:brown_banner":15,"minecraft:acacia_slab":46,"minecraft:melon_seeds":22,"minecraft:warped_nylium":6,"minecraft:mangrove_propagule":1,"minecraft:coal":234,"minecraft:hopper":4,"minecraft:ender_pearl":12},"minecraft:dropped":{"minecraft:warped_fungus":1,"minecraft:glass_bottle":2,"minecraft:warped_roots":10,"minecraft:cracked_stone_bricks":3,"minecraft:purpur_stairs":1,"minecraft:rail":61,"minecraft:dirt":61,"minecraft:mutton":3,"minecraft:bone":12,"minecraft:gravel":7,"minecraft:wheat":38,"minecraft:rotten_flesh":12,"minecraft:nether_brick_fence":1,"minecraft:carrot":1775,"minecraft:poppy":6,"minecraft:gunpowder":2,"minecraft:melon_seeds":3,"minecraft:jungle_log":2,"minecraft:arrow":7,"minecraft:end_stone_bricks":10,"minecraft:netherrack":8,"minecraft:water_bucket":1,"minecraft:iron_ingot":1,"minecraft:bread":410,"minecraft:wheat_seeds":40,"minecraft:poisonous_potato":2,"minecraft:cobblestone":232,"minecraft:apple":5,"minecraft:diorite":2,"minecraft:iron_door":1,"minecraft:iron_axe":1,"minecraft:string":3,"minecraft:bucket":1,"minecraft:warped_nylium":3,"minecraft:raw_copper":4,"minecraft:nether_bricks":1,"minecraft:shears":1,"minecraft:stone":6,"minecraft:oak_button":1,"minecraft:mossy_stone_bricks":7,"minecraft:oak_sapling":3,"minecraft:spider_eye":3,"minecraft:diamond_boots":1,"minecraft:bow":2},"minecraft:killed":{"minecraft:spider":19,"minecraft:shulker":37,"minecraft:skeleton":48,"minecraft:chicken":3,"minecraft:silverfish":11,"minecraft:magma_cube":9,"minecraft:piglin":2,"minecraft:pig":15,"minecraft:zombie_villager":3,"minecraft:iron_golem":6,"minecraft:ender_dragon":1,"minecraft:creeper":15,"minecraft:sheep":18,"minecraft:zombie":64,"minecraft:ghast":1,"minecraft:blaze":17,"minecraft:cow":19,"minecraft:slime":152,"minecraft:drowned":4,"minecraft:wither_skeleton":16,"minecraft:enderman":25},"minecraft:used":{"minecraft:polished_deepslate":101,"minecraft:iron_shovel":1020,"minecraft:poppy":2,"minecraft:diamond_hoe":25,"minecraft:oak_sign":22,"minecraft:shield":28,"minecraft:chest":32,"minecraft:stone":344,"minecraft:bell":1,"minecraft:carrot":1372,"minecraft:tuff":58,"minecraft:acacia_sapling":1,"minecraft:obsidian":40,"minecraft:glass":1155,"minecraft:lava_bucket":20,"minecraft:warped_nylium":3,"minecraft:crimson_roots":2,"minecraft:stone_bricks":76,"minecraft:repeater":3,"minecraft:bow":36,"minecraft:oak_sapling":1,"minecraft:furnace":20,"minecraft:acacia_fence":4,"minecraft:potato":248,"minecraft:dragon_head":1,"minecraft:diorite":1,"minecraft:diamond_boots":1,"minecraft:stone_pickaxe":58,"minecraft:powered_rail":116,"minecraft:acacia_trapdoor":34,"minecraft:oak_planks":8,"minecraft:ender_pearl":1,"minecraft:wooden_pickaxe":3,"minecraft:composter":18,"minecraft:sugar_cane":17,"minecraft:diamond_axe":1112,"minecraft:sand":24,"minecraft:blast_furnace":4,"minecraft:shears":6,"minecraft:redstone_torch":25,"minecraft:sticky_piston":7,"minecraft:lever":9,"minecraft:string":29,"minecraft:bread":4,"minecraft:lectern":32,"minecraft:polished_granite":18,"minecraft:iron_door":5,"minecraft:gravel":41,"minecraft:diamond_sword":1257,"minecraft:tropical_fish_bucket":1,"minecraft:bone_meal":583,"minecraft:purpur_block":14,"minecraft:stone_sword":127,"minecraft:acacia_log":20,"minecraft:flint_and_steel":31,"minecraft:stone_shovel":143,"minecraft:redstone":13,"minecraft:stone_hoe":135,"minecraft:netherrack":76,"minecraft:orange_bed":2,"minecraft:anvil":1,"minecraft:torch":88,"minecraft:brewing_stand":1,"minecraft:dirt":1136,"minecraft:hopper":7,"minecraft:shulker_box":16,"minecraft:granite":21,"minecraft:iron_hoe":323,"minecraft:iron_axe":391,"minecraft:slime_block":16,"minecraft:acacia_slab":47,"minecraft:bamboo":142,"minecraft:diamond_chestplate":1,"minecraft:tripwire_hook":11,"minecraft:glowstone":5,"minecraft:minecart":11,"minecraft:cooked_beef":35,"minecraft:observer":3,"minecraft:cobbled_deepslate":15,"minecraft:acacia_planks":165,"minecraft:wheat_seeds":862,"minecraft:cooked_mutton":11,"minecraft:acacia_boat":11,"minecraft:water_bucket":82,"minecraft:baked_potato":72,"minecraft:fletching_table":15,"minecraft:warped_roots":2,"minecraft:rail":87,"minecraft:red_mushroom":1,"minecraft:crafting_table":15,"minecraft:red_bed":48,"minecraft:white_bed":20,"minecraft:cake":6,"minecraft:smoker":3,"minecraft:ender_eye":11,"minecraft:acacia_stairs":93,"minecraft:diamond_pickaxe":3576,"minecraft:diamond_shovel":927,"minecraft:oak_button":1,"minecraft:iron_pickaxe":281,"minecraft:purpur_slab":3,"minecraft:acacia_fence_gate":23,"minecraft:stone_axe":108,"minecraft:cobblestone":379,"minecraft:potion":1,"minecraft:cooked_porkchop":29,"minecraft:bucket":131,"minecraft:diamond_leggings":1},"minecraft:mined":{"minecraft:dragon_wall_head":1,"minecraft:spruce_planks":10,"minecraft:white_bed":8,"minecraft:farmland":45,"minecraft:mossy_stone_brick_slab":1,"minecraft:jungle_leaves":3,"minecraft:brewing_stand":2,"minecraft:obsidian":42,"minecraft:granite":65,"minecraft:acacia_log":447,"minecraft:grass_block":786,"minecraft:purpur_slab":5,"minecraft:composter":22,"minecraft:hopper":4,"minecraft:oak_wall_sign":12,"minecraft:chiseled_stone_bricks":3,"minecraft:spawner":1,"minecraft:magma_block":3,"minecraft:glowstone":6,"minecraft:iron_ore":59,"minecraft:barrel":3,"minecraft:cobbled_deepslate":3,"minecraft:sticky_piston":4,"minecraft:fire":24,"minecraft:pumpkin":12,"minecraft:fletching_table":11,"minecraft:dirt_path":166,"minecraft:iron_bars":12,"minecraft:end_stone_bricks":16,"minecraft:orange_bed":4,"minecraft:tripwire":20,"minecraft:deepslate_redstone_ore":16,"minecraft:red_bed":45,"minecraft:kelp_plant":1,"minecraft:melon_stem":3,"minecraft:smoker":2,"minecraft:orange_terracotta":31,"minecraft:purpur_stairs":1,"minecraft:torch":18,"minecraft:blast_furnace":3,"minecraft:poppy":5,"minecraft:melon":9,"minecraft:chest":12,"minecraft:mushroom_stem":14,"minecraft:glass":23,"minecraft:nether_quartz_ore":15,"minecraft:cobblestone":149,"minecraft:slime_block":6,"minecraft:oak_planks":3,"minecraft:sugar_cane":169,"minecraft:grindstone":1,"minecraft:iron_door":9,"minecraft:wall_torch":11,"minecraft:repeater":1,"minecraft:warped_nylium":2,"minecraft:powered_rail":14,"minecraft:nether_wart_block":2,"minecraft:wheat":717,"minecraft:purpur_block":27,"minecraft:stone_brick_stairs":8,"minecraft:infested_mossy_stone_bricks":1,"minecraft:grass":542,"minecraft:oak_log":36,"minecraft:beetroots":5,"minecraft:acacia_fence":12,"minecraft:sand":569,"minecraft:dirt":526,"minecraft:tripwire_hook":9,"minecraft:red_mushroom_block":90,"minecraft:stonecutter":1,"minecraft:netherrack":641,"minecraft:oak_leaves":15,"minecraft:deepslate":214,"minecraft:tuff":63,"minecraft:mossy_cobblestone":6,"minecraft:deepslate_diamond_ore":41,"minecraft:end_stone":6,"minecraft:shulker_box":16,"minecraft:lever":5,"minecraft:glow_lichen":1,"minecraft:nether_bricks":1,"minecraft:jungle_planks":3,"minecraft:crimson_roots":2,"minecraft:redstone_wire":6,"minecraft:brown_mushroom_block":45,"minecraft:acacia_slab":34,"minecraft:kelp":5,"minecraft:cartography_table":2,"minecraft:mangrove_propagule":2,"minecraft:hay_block":118,"minecraft:furnace":1,"minecraft:carrots":994,"minecraft:acacia_trapdoor":18,"minecraft:nether_sprouts":1,"minecraft:acacia_wood":52,"minecraft:acacia_stairs":79,"minecraft:andesite":73,"minecraft:gold_block":2,"minecraft:bell":2,"minecraft:nether_brick_fence":1,"minecraft:polished_deepslate":5,"minecraft:bookshelf":135,"minecraft:potatoes":235,"minecraft:deepslate_iron_ore":12,"minecraft:rail":44,"minecraft:bamboo":149,"minecraft:stone":1630,"minecraft:bone_block":92,"minecraft:ender_chest":3,"minecraft:redstone_wall_torch":4,"minecraft:acacia_leaves":64,"minecraft:glass_pane":10,"minecraft:infested_stone_bricks":10,"minecraft:dandelion":3,"minecraft:polished_granite":3,"minecraft:oak_fence":2,"minecraft:crafting_table":12,"minecraft:warped_roots":2,"minecraft:rose_bush":1,"minecraft:lectern":31,"minecraft:copper_ore":5,"minecraft:purpur_pillar":6,"minecraft:tall_grass":68,"minecraft:deepslate_gold_ore":1,"minecraft:lily_pad":1,"minecraft:sculk":1,"minecraft:diorite":18,"minecraft:spruce_stairs":2,"minecraft:cactus":3,"minecraft:acacia_fence_gate":8,"minecraft:redstone_torch":4,"minecraft:coal_ore":132,"minecraft:cocoa":1,"minecraft:gravel":87,"minecraft:acacia_door":1,"minecraft:cobweb":3,"minecraft:cracked_stone_bricks":30,"minecraft:acacia_planks":159,"minecraft:oak_button":1,"minecraft:stone_bricks":77,"minecraft:mossy_stone_bricks":40,"minecraft:fern":5}},"DataVersion":3465}