{"stats":{"minecraft:broken":{"minecraft:iron_shovel":1,"minecraft:diamond_helmet":1,"minecraft:stone_shovel":1,"minecraft:diamond_sword":1,"minecraft:iron_hoe":1,"minecraft:diamond_chestplate":1,"minecraft:stone_hoe":1,"minecraft:shield":1,"minecraft:diamond_axe":1,"minecraft:iron_axe":2,"minecraft:iron_pickaxe":1},"minecraft:crafted":{"minecraft:grindstone":1,"minecraft:smooth_stone":116,"minecraft:oak_planks":8339,"minecraft:oak_sign":9,"minecraft:melon":5,"minecraft:blaze_powder":14,"minecraft:slime_block":10,"minecraft:stone":638,"minecraft:diamond_shovel":1,"minecraft:lever":5,"minecraft:bookshelf":19,"minecraft:shulker_box":10,"minecraft:cooked_mutton":11,"minecraft:quartz_block":11,"minecraft:bamboo_block":7,"minecraft:cake":8,"minecraft:glass":2363,"minecraft:hopper":20,"minecraft:repeater":15,"minecraft:diamond_helmet":2,"minecraft:diamond_leggings":2,"minecraft:bow":12,"minecraft:iron_boots":18,"minecraft:beacon":1,"minecraft:comparator":11,"minecraft:stone_pressure_plate":16,"minecraft:chest":68,"minecraft:oak_button":1,"minecraft:rail":16,"minecraft:stone_hoe":1,"minecraft:ender_eye":12,"minecraft:stone_bricks":12,"minecraft:smoker":1,"minecraft:dropper":18,"minecraft:oak_slab":76,"minecraft:emerald":609,"minecraft:arrow":32,"minecraft:cooked_porkchop":29,"minecraft:diamond_axe":1,"minecraft:crafting_table":11,"minecraft:acacia_slab":12,"minecraft:wooden_pickaxe":1,"minecraft:baked_potato":243,"minecraft:chainmail_chestplate":8,"minecraft:red_wool":63,"minecraft:sticky_piston":77,"minecraft:fletching_table":14,"minecraft:dispenser":4,"minecraft:apple":36,"minecraft:bamboo_planks":14,"minecraft:lectern":5,"minecraft:iron_chestplate":1,"minecraft:book":11,"minecraft:paper":30,"minecraft:diamond_pickaxe":1,"minecraft:shield":2,"minecraft:stick":18713,"minecraft:stone_slab":6,"minecraft:iron_pickaxe":1,"minecraft:iron_ingot":92,"minecraft:iron_block":130,"minecraft:stone_sword":1,"minecraft:gold_ingot":18,"minecraft:redstone_torch":83,"minecraft:shears":3,"minecraft:cookie":72,"minecraft:stone_shovel":1,"minecraft:tripwire_hook":2,"minecraft:diamond_hoe":1,"minecraft:furnace":21,"minecraft:acacia_fence_gate":17,"minecraft:blast_furnace":1,"minecraft:piston":82,"minecraft:bone_meal":2400,"minecraft:flint_and_steel":2,"minecraft:detector_rail":6,"minecraft:polished_deepslate":144,"minecraft:iron_axe":4,"minecraft:iron_hoe":2,"minecraft:slime_ball":36,"minecraft:quartz_slab":18,"minecraft:stone_pickaxe":2,"minecraft:cobblestone_wall":6,"minecraft:diamond_boots":1,"minecraft:minecart":3,"minecraft:observer":5,"minecraft:wheat":1062,"minecraft:cooked_beef":35,"minecraft:red_dye":104,"minecraft:diamond_sword":2,"minecraft:powered_rail":6,"minecraft:iron_sword":1,"minecraft:acacia_trapdoor":16,"minecraft:red_bed":27,"minecraft:polished_granite":24,"minecraft:bucket":14,"minecraft:acacia_stairs":32,"minecraft:stone_axe":1,"minecraft:glowstone":5,"minecraft:enchanted_book":12,"minecraft:acacia_boat":7,"minecraft:bread":278,"minecraft:air":0,"minecraft:acacia_sign":3,"minecraft:flint":50,"minecraft:chainmail_boots":11,"minecraft:iron_shovel":1,"minecraft:anvil":1,"minecraft:white_bed":16,"minecraft:note_block":1,"minecraft:acacia_planks":2164,"minecraft:torch":84,"minecraft:diamond_chestplate":1},"minecraft:dropped":{"minecraft:porkchop":2,"minecraft:warped_fungus":1,"minecraft:glass_bottle":2,"minecraft:warped_roots":10,"minecraft:cracked_stone_bricks":3,"minecraft:purpur_stairs":1,"minecraft:rail":91,"minecraft:dirt":380,"minecraft:grass":1,"minecraft:mutton":3,"minecraft:crimson_roots":1,"minecraft:bone":13,"minecraft:gravel":13,"minecraft:cobbled_deepslate":4,"minecraft:wheat":38,"minecraft:rotten_flesh":43,"minecraft:nether_brick_fence":1,"minecraft:carrot":3612,"minecraft:chainmail_chestplate":8,"minecraft:poppy":75,"minecraft:gunpowder":2,"minecraft:melon_seeds":3,"minecraft:jungle_log":2,"minecraft:acacia_slab":1,"minecraft:chainmail_boots":15,"minecraft:acacia_sapling":3,"minecraft:arrow":16,"minecraft:end_stone_bricks":10,"minecraft:glass":2,"minecraft:netherrack":210,"minecraft:water_bucket":1,"minecraft:iron_ingot":1100,"minecraft:bread":410,"minecraft:oak_slab":2,"minecraft:wheat_seeds":61,"minecraft:poisonous_potato":2,"minecraft:cobblestone":280,"minecraft:book":1,"minecraft:apple":5,"minecraft:stick":8,"minecraft:acacia_sign":1,"minecraft:diorite":2,"minecraft:torch":1,"minecraft:iron_door":1,"minecraft:iron_axe":1,"minecraft:smooth_stone":3,"minecraft:string":3,"minecraft:bucket":2,"minecraft:smooth_basalt":1,"minecraft:warped_nylium":3,"minecraft:raw_copper":8,"minecraft:iron_boots":18,"minecraft:stone_slab":5,"minecraft:nether_bricks":1,"minecraft:shears":1,"minecraft:potato":1,"minecraft:stone":9,"minecraft:oak_button":1,"minecraft:orange_terracotta":2,"minecraft:mossy_stone_bricks":7,"minecraft:oak_sapling":3,"minecraft:redstone_torch":1,"minecraft:spider_eye":4,"minecraft:diamond_boots":1,"minecraft:bow":2,"minecraft:calcite":1},"minecraft:used":{"minecraft:polished_deepslate":101,"minecraft:iron_shovel":1265,"minecraft:dispenser":12,"minecraft:poppy":2,"minecraft:diamond_hoe":275,"minecraft:oak_sign":22,"minecraft:shield":66,"minecraft:chest":46,"minecraft:stone":350,"minecraft:iron_sword":133,"minecraft:bell":1,"minecraft:soul_sand":4,"minecraft:carrot":2140,"minecraft:tuff":58,"minecraft:acacia_sapling":1,"minecraft:obsidian":44,"minecraft:glass":1829,"minecraft:lava_bucket":21,"minecraft:warped_nylium":3,"minecraft:crimson_roots":2,"minecraft:stone_bricks":76,"minecraft:repeater":24,"minecraft:bow":36,"minecraft:oak_sapling":405,"minecraft:furnace":20,"minecraft:acacia_fence":4,"minecraft:egg":4,"minecraft:potato":248,"minecraft:dragon_head":1,"minecraft:oak_planks":54,"minecraft:diorite":1,"minecraft:diamond_boots":1,"minecraft:stone_pickaxe":58,"minecraft:wither_skeleton_skull":3,"minecraft:stripped_acacia_log":11,"minecraft:dropper":26,"minecraft:powered_rail":196,"minecraft:acacia_trapdoor":36,"minecraft:ender_pearl":1,"minecraft:wooden_pickaxe":3,"minecraft:composter":20,"minecraft:sugar_cane":19,"minecraft:diamond_axe":1641,"minecraft:white_wool":1,"minecraft:sand":25,"minecraft:blast_furnace":6,"minecraft:note_block":1,"minecraft:shears":8,"minecraft:redstone_torch":57,"minecraft:sticky_piston":94,"minecraft:lever":17,"minecraft:acacia_door":1,"minecraft:string":31,"minecraft:bread":4,"minecraft:iron_door":5,"minecraft:lectern":250,"minecraft:polished_granite":18,"minecraft:gravel":41,"minecraft:diamond_sword":1918,"minecraft:grindstone":1,"minecraft:andesite":1,"minecraft:tropical_fish_bucket":1,"minecraft:bone_meal":585,"minecraft:purpur_block":14,"minecraft:stone_sword":127,"minecraft:acacia_log":108,"minecraft:flint_and_steel":31,"minecraft:stone_shovel":143,"minecraft:redstone":148,"minecraft:stone_hoe":135,"minecraft:netherrack":115,"minecraft:orange_bed":2,"minecraft:anvil":1,"minecraft:torch":99,"minecraft:brewing_stand":1,"minecraft:dirt":1387,"minecraft:hopper":30,"minecraft:cobblestone_wall":1,"minecraft:shulker_box":50,"minecraft:granite":21,"minecraft:iron_hoe":323,"minecraft:bookshelf":10,"minecraft:iron_block":148,"minecraft:iron_axe":731,"minecraft:slime_block":16,"minecraft:acacia_slab":94,"minecraft:bamboo":142,"minecraft:diamond_chestplate":1,"minecraft:tripwire_hook":11,"minecraft:glowstone":5,"minecraft:minecart":20,"minecraft:cooked_beef":35,"minecraft:observer":9,"minecraft:cobbled_deepslate":15,"minecraft:acacia_planks":201,"minecraft:crimson_stem":1,"minecraft:wheat_seeds":862,"minecraft:cooked_mutton":11,"minecraft:acacia_boat":20,"minecraft:water_bucket":118,"minecraft:baked_potato":178,"minecraft:beacon":1,"minecraft:fletching_table":31,"minecraft:warped_roots":2,"minecraft:red_mushroom":1,"minecraft:tnt":1,"minecraft:crafting_table":20,"minecraft:oak_slab":7,"minecraft:rail":192,"minecraft:red_bed":79,"minecraft:comparator":15,"minecraft:white_bed":26,"minecraft:cake":6,"minecraft:smoker":3,"minecraft:oak_log":4,"minecraft:piston":6,"minecraft:ender_eye":11,"minecraft:acacia_stairs":101,"minecraft:diamond_pickaxe":6070,"minecraft:diamond_shovel":1210,"minecraft:acacia_sign":2,"minecraft:oak_button":1,"minecraft:iron_pickaxe":281,"minecraft:detector_rail":5,"minecraft:purpur_slab":3,"minecraft:acacia_fence_gate":23,"minecraft:stone_axe":108,"minecraft:cobblestone":901,"minecraft:potion":1,"minecraft:cooked_porkchop":29,"minecraft:bucket":184,"minecraft:diamond_leggings":1,"minecraft:smooth_stone":74},"minecraft:picked_up":{"minecraft:shulker_shell":20,"minecraft:wheat":420,"minecraft:chainmail_boots":4,"minecraft:nether_brick_fence":1,"minecraft:sentry_armor_trim_smithing_template":2,"minecraft:diamond_sword":5,"minecraft:enchanted_book":3,"minecraft:stone_brick_stairs":8,"minecraft:brewing_stand":2,"minecraft:polished_deepslate":5,"minecraft:string":52,"minecraft:raw_copper":39,"minecraft:cooked_salmon":2,"minecraft:sticky_piston":22,"minecraft:oak_sign":10,"minecraft:comparator":4,"minecraft:diamond_leggings":5,"minecraft:smooth_stone":78,"minecraft:cobbled_deepslate":341,"minecraft:bucket":9,"minecraft:eye_armor_trim_smithing_template":9,"minecraft:acacia_sign":4,"minecraft:acacia_fence_gate":9,"minecraft:redstone_torch":65,"minecraft:ender_eye":1,"minecraft:calcite":1,"minecraft:iron_pickaxe":1,"minecraft:melon_slice":51,"minecraft:furnace":1,"minecraft:stick":377,"minecraft:acacia_fence":14,"minecraft:composter":23,"minecraft:torch":76,"minecraft:purpur_pillar":10,"minecraft:acacia_log":708,"minecraft:porkchop":31,"minecraft:diorite":13,"minecraft:orange_bed":5,"minecraft:stone_sword":4,"minecraft:cactus":8,"minecraft:rotten_flesh":110,"minecraft:iron_block":45,"minecraft:blaze_rod":17,"minecraft:obsidian":142,"minecraft:blaze_powder":2,"minecraft:cobblestone":3124,"minecraft:andesite":73,"minecraft:cooked_beef":54,"minecraft:repeater":14,"minecraft:magma_cream":2,"minecraft:iron_door":6,"minecraft:water_bucket":4,"minecraft:jungle_log":2,"minecraft:smoker":2,"minecraft:potato":529,"minecraft:flint":12,"minecraft:tuff":156,"minecraft:wither_skeleton_skull":5,"minecraft:acacia_boat":14,"minecraft:dirt":2424,"minecraft:polished_granite":3,"minecraft:glass":99,"minecraft:bone":87,"minecraft:acacia_planks":324,"minecraft:stonecutter":1,"minecraft:bow":4,"minecraft:wheat_seeds":1778,"minecraft:bell":2,"minecraft:grindstone":1,"minecraft:diamond_helmet":4,"minecraft:mossy_stone_bricks":8,"minecraft:bamboo":1598,"minecraft:fletching_table":19,"minecraft:glowstone_dust":20,"minecraft:powered_rail":300,"minecraft:oak_planks":203,"minecraft:poisonous_potato":3,"minecraft:dropper":53,"minecraft:sand":3387,"minecraft:melon":1,"minecraft:acacia_stairs":94,"minecraft:barrel":3,"minecraft:shulker_box":77,"minecraft:mossy_cobblestone":12,"minecraft:iron_hoe":3,"minecraft:stripped_acacia_log":12,"minecraft:dispenser":11,"minecraft:diamond":48,"minecraft:slime_block":10,"minecraft:lever":14,"minecraft:granite":82,"minecraft:grass":1,"minecraft:bone_meal":673,"minecraft:emerald":55,"minecraft:bread":128,"minecraft:oak_sapling":436,"minecraft:netherrack":350,"minecraft:nether_star":1,"minecraft:crimson_roots":3,"minecraft:diamond_pickaxe":5,"minecraft:end_stone_bricks":16,"minecraft:cocoa_beans":6,"minecraft:crafting_table":18,"minecraft:brown_mushroom":23,"minecraft:wooden_pickaxe":1,"minecraft:gold_block":2,"minecraft:dragon_head":1,"minecraft:purpur_block":26,"minecraft:shield":4,"minecraft:red_bed":54,"minecraft:elytra":2,"minecraft:iron_axe":2,"minecraft:acacia_door":3,"minecraft:flint_and_steel":1,"minecraft:iron_shovel":4,"minecraft:cracked_stone_bricks":3,"minecraft:cartography_table":2,"minecraft:beef":45,"minecraft:observer":4,"minecraft:poppy":46,"minecraft:lectern":245,"minecraft:minecart":22,"minecraft:sugar_cane":415,"minecraft:chest":49,"minecraft:piston":1,"minecraft:diamond_hoe":2,"minecraft:egg":7,"minecraft:raw_iron":112,"minecraft:end_stone":101,"minecraft:music_disc_mellohi":1,"minecraft:cake":2,"minecraft:cookie":72,"minecraft:carrot":6603,"minecraft:redstone":573,"minecraft:prismarine_crystals":4,"minecraft:tnt":2,"minecraft:arrow":56,"minecraft:diamond_chestplate":2,"minecraft:cooked_cod":3,"minecraft:beetroot_seeds":10,"minecraft:nether_bricks":1,"minecraft:shears":2,"minecraft:diamond_boots":5,"minecraft:purpur_slab":9,"minecraft:hay_block":118,"minecraft:gold_ingot":23,"minecraft:mutton":19,"minecraft:white_wool":117,"minecraft:bone_block":310,"minecraft:rail":372,"minecraft:tripwire_hook":11,"minecraft:crimson_stem":1,"minecraft:leather":27,"minecraft:red_mushroom":22,"minecraft:acacia_wood":60,"minecraft:filled_map":1,"minecraft:purpur_stairs":1,"minecraft:oak_log":143,"minecraft:lily_pad":1,"minecraft:gunpowder":18,"minecraft:paper":2,"minecraft:orange_terracotta":66,"minecraft:cooked_mutton":6,"minecraft:apple":77,"minecraft:stone_bricks":67,"minecraft:kelp":14,"minecraft:acacia_trapdoor":22,"minecraft:wild_armor_trim_smithing_template":4,"minecraft:heart_of_the_sea":1,"minecraft:iron_ingot":1286,"minecraft:glass_bottle":3,"minecraft:acacia_sapling":12,"minecraft:soul_sand":4,"minecraft:book":805,"minecraft:oak_slab":7,"minecraft:smooth_basalt":1,"minecraft:warped_fungus":1,"minecraft:pumpkin":26,"minecraft:quartz":119,"minecraft:dandelion":5,"minecraft:gravel":104,"minecraft:blast_furnace":5,"minecraft:white_bed":13,"minecraft:mossy_stone_brick_slab":1,"minecraft:spider_eye":6,"minecraft:diamond_shovel":4,"minecraft:slime_ball":257,"minecraft:diamond_axe":6,"minecraft:warped_roots":12,"minecraft:oak_button":1,"minecraft:brown_banner":15,"minecraft:acacia_slab":210,"minecraft:melon_seeds":22,"minecraft:warped_nylium":6,"minecraft:coal":246,"minecraft:mangrove_propagule":1,"minecraft:hopper":9,"minecraft:ender_pearl":12},"minecraft:killed":{"minecraft:spider":29,"minecraft:shulker":37,"minecraft:wither":1,"minecraft:skeleton":72,"minecraft:chicken":6,"minecraft:silverfish":11,"minecraft:magma_cube":47,"minecraft:piglin":4,"minecraft:pig":15,"minecraft:zombie_villager":3,"minecraft:iron_golem":20,"minecraft:ender_dragon":1,"minecraft:creeper":37,"minecraft:sheep":18,"minecraft:zombie":109,"minecraft:ghast":2,"minecraft:blaze":25,"minecraft:cow":19,"minecraft:slime":285,"minecraft:drowned":4,"minecraft:frog":1,"minecraft:wither_skeleton":39,"minecraft:villager":3,"minecraft:enderman":25},"minecraft:mined":{"minecraft:dragon_wall_head":1,"minecraft:spruce_planks":10,"minecraft:white_bed":13,"minecraft:oak_sapling":2,"minecraft:farmland":56,"minecraft:mossy_stone_brick_slab":1,"minecraft:jungle_leaves":3,"minecraft:brewing_stand":2,"minecraft:obsidian":46,"minecraft:granite":83,"minecraft:acacia_log":613,"minecraft:grass_block":1018,"minecraft:purpur_slab":5,"minecraft:composter":23,"minecraft:hopper":10,"minecraft:oak_wall_sign":12,"minecraft:acacia_pressure_plate":1,"minecraft:chiseled_stone_bricks":3,"minecraft:spawner":1,"minecraft:smooth_stone":2,"minecraft:magma_block":3,"minecraft:glowstone":6,"minecraft:iron_ore":81,"minecraft:barrel":3,"minecraft:sticky_piston":16,"minecraft:fire":26,"minecraft:cobbled_deepslate":3,"minecraft:pumpkin":12,"minecraft:fletching_table":19,"minecraft:dirt_path":215,"minecraft:iron_bars":12,"minecraft:end_stone_bricks":16,"minecraft:iron_block":45,"minecraft:orange_bed":5,"minecraft:tripwire":22,"minecraft:piston_head":1,"minecraft:deepslate_redstone_ore":54,"minecraft:red_bed":52,"minecraft:kelp_plant":1,"minecraft:melon_stem":3,"minecraft:smoker":2,"minecraft:soul_fire":5,"minecraft:orange_terracotta":31,"minecraft:purpur_stairs":1,"minecraft:torch":31,"minecraft:blast_furnace":5,"minecraft:melon":9,"minecraft:poppy":6,"minecraft:calcite":1,"minecraft:chest":12,"minecraft:mushroom_stem":14,"minecraft:glass":117,"minecraft:nether_quartz_ore":49,"minecraft:cobblestone":507,"minecraft:slime_block":10,"minecraft:oak_planks":49,"minecraft:sugar_cane":238,"minecraft:grindstone":1,"minecraft:iron_door":9,"minecraft:wall_torch":11,"minecraft:repeater":14,"minecraft:warped_nylium":2,"minecraft:powered_rail":78,"minecraft:nether_wart_block":2,"minecraft:wheat":717,"minecraft:purpur_block":27,"minecraft:stone_brick_stairs":8,"minecraft:infested_mossy_stone_bricks":1,"minecraft:grass":655,"minecraft:oak_log":143,"minecraft:beetroots":5,"minecraft:dirt":780,"minecraft:acacia_fence":13,"minecraft:sand":570,"minecraft:smooth_basalt":6,"minecraft:dispenser":11,"minecraft:tripwire_hook":9,"minecraft:red_mushroom_block":90,"minecraft:stonecutter":1,"minecraft:netherrack":911,"minecraft:piston":1,"minecraft:oak_leaves":313,"minecraft:deepslate":291,"minecraft:yellow_terracotta":31,"minecraft:tuff":111,"minecraft:mossy_cobblestone":6,"minecraft:deepslate_diamond_ore":41,"minecraft:end_stone":107,"minecraft:shulker_box":50,"minecraft:lever":9,"minecraft:glow_lichen":1,"minecraft:nether_bricks":1,"minecraft:jungle_planks":3,"minecraft:crimson_roots":3,"minecraft:redstone_wire":42,"minecraft:brown_mushroom_block":45,"minecraft:acacia_slab":81,"minecraft:kelp":5,"minecraft:cartography_table":2,"minecraft:mangrove_propagule":2,"minecraft:crimson_stem":1,"minecraft:hay_block":118,"minecraft:redstone_ore":15,"minecraft:furnace":1,"minecraft:carrots":1993,"minecraft:acacia_trapdoor":20,"minecraft:nether_sprouts":1,"minecraft:acacia_wood":52,"minecraft:acacia_stairs":122,"minecraft:andesite":76,"minecraft:gold_block":2,"minecraft:bell":2,"minecraft:nether_brick_fence":1,"minecraft:polished_deepslate":5,"minecraft:bookshelf":145,"minecraft:potatoes":235,"minecraft:deepslate_iron_ore":12,"minecraft:rail":178,"minecraft:stripped_acacia_log":12,"minecraft:bamboo":149,"minecraft:stone":2479,"minecraft:bone_block":286,"minecraft:ender_chest":3,"minecraft:white_wool":1,"minecraft:redstone_wall_torch":4,"minecraft:oak_slab":5,"minecraft:acacia_leaves":70,"minecraft:glass_pane":13,"minecraft:comparator":4,"minecraft:soul_sand":4,"minecraft:infested_stone_bricks":10,"minecraft:observer":4,"minecraft:dandelion":3,"minecraft:polished_granite":3,"minecraft:oak_fence":2,"minecraft:crafting_table":14,"minecraft:dropper":23,"minecraft:warped_roots":2,"minecraft:rose_bush":1,"minecraft:copper_ore":7,"minecraft:lectern":245,"minecraft:purpur_pillar":6,"minecraft:tall_grass":82,"minecraft:deepslate_gold_ore":1,"minecraft:lily_pad":1,"minecraft:sculk":1,"minecraft:diorite":18,"minecraft:spruce_stairs":2,"minecraft:cactus":3,"minecraft:acacia_fence_gate":8,"minecraft:redstone_torch":31,"minecraft:coal_ore":132,"minecraft:cocoa":1,"minecraft:acacia_door":2,"minecraft:gravel":87,"minecraft:cobweb":3,"minecraft:cracked_stone_bricks":30,"minecraft:acacia_planks":221,"minecraft:oak_button":1,"minecraft:stone_bricks":77,"minecraft:mossy_stone_bricks":40,"minecraft:fern":5},"minecraft:custom":{"minecraft:interact_with_crafting_table":229,"minecraft:open_shulker_box":92,"minecraft:bell_ring":26,"minecraft:eat_cake_slice":3,"minecraft:leave_game":48,"minecraft:time_since_death":366340,"minecraft:damage_blocked_by_shield":4155,"minecraft:sprint_one_cm":2951212,"minecraft:drop":469,"minecraft:talked_to_villager":667,"minecraft:play_time":1498786,"minecraft:deaths":6,"minecraft:jump":16994,"minecraft:interact_with_brewingstand":1,"minecraft:walk_on_water_one_cm":123024,"minecraft:interact_with_furnace":392,"minecraft:traded_with_villager":715,"minecraft:sleep_in_bed":61,"minecraft:open_enderchest":9,"minecraft:damage_dealt":122612,"minecraft:interact_with_beacon":3,"minecraft:crouch_one_cm":374260,"minecraft:interact_with_smoker":46,"minecraft:inspect_dispenser":26,"minecraft:inspect_dropper":41,"minecraft:interact_with_anvil":18,"minecraft:mob_kills":829,"minecraft:inspect_hopper":16,"minecraft:climb_one_cm":13225,"minecraft:walk_one_cm":3726361,"minecraft:sneak_time":108502,"minecraft:walk_under_water_one_cm":82213,"minecraft:boat_one_cm":58247,"minecraft:interact_with_blast_furnace":33,"minecraft:total_world_time":1498786,"minecraft:tune_noteblock":1,"minecraft:interact_with_grindstone":3,"minecraft:time_since_rest":5399,"minecraft:damage_taken":11739,"minecraft:swim_one_cm":39714,"minecraft:fly_one_cm":14476192,"minecraft:open_chest":684,"minecraft:aviate_one_cm":1102142,"minecraft:fall_one_cm":640521},"minecraft:killed_by":{"minecraft:enderman":1,"minecraft:ender_dragon":1,"minecraft:skeleton":2}},"DataVersion":3465}