{"stats":{"minecraft:dropped":{"minecraft:bread":307,"minecraft:dirt":33,"minecraft:iron_axe":1,"minecraft:bucket":1,"minecraft:wheat":34,"minecraft:rotten_flesh":3,"minecraft:poppy":3,"minecraft:jungle_log":2,"minecraft:oak_sapling":3},"minecraft:custom":{"minecraft:mob_kills":62,"minecraft:interact_with_crafting_table":45,"minecraft:bell_ring":6,"minecraft:leave_game":11,"minecraft:time_since_death":225300,"minecraft:climb_one_cm":375,"minecraft:sprint_one_cm":611034,"minecraft:walk_one_cm":642579,"minecraft:drop":19,"minecraft:talked_to_villager":94,"minecraft:play_time":225300,"minecraft:sneak_time":28565,"minecraft:walk_under_water_one_cm":8052,"minecraft:jump":3509,"minecraft:interact_with_blast_furnace":8,"minecraft:walk_on_water_one_cm":50456,"minecraft:total_world_time":225300,"minecraft:interact_with_furnace":14,"minecraft:traded_with_villager":81,"minecraft:sleep_in_bed":14,"minecraft:time_since_rest":20786,"minecraft:damage_taken":1436,"minecraft:damage_dealt":9582,"minecraft:swim_one_cm":22238,"minecraft:fly_one_cm":767932,"minecraft:open_chest":94,"minecraft:crouch_one_cm":113239,"minecraft:interact_with_smoker":16,"minecraft:fall_one_cm":89607},"minecraft:crafted":{"minecraft:smooth_stone":3,"minecraft:oak_planks":24,"minecraft:stone_shovel":1,"minecraft:tripwire_hook":2,"minecraft:furnace":3,"minecraft:acacia_fence_gate":9,"minecraft:blast_furnace":1,"minecraft:stone":4,"minecraft:lever":1,"minecraft:diamond_shovel":1,"minecraft:bookshelf":1,"minecraft:cooked_mutton":11,"minecraft:flint_and_steel":1,"minecraft:hopper":1,"minecraft:diamond_helmet":1,"minecraft:diamond_leggings":1,"minecraft:bow":12,"minecraft:iron_axe":2,"minecraft:iron_hoe":1,"minecraft:stone_pickaxe":2,"minecraft:chest":15,"minecraft:diamond_boots":1,"minecraft:stone_hoe":1,"minecraft:smoker":1,"minecraft:wheat":540,"minecraft:cooked_beef":4,"minecraft:red_dye":3,"minecraft:diamond_sword":1,"minecraft:emerald":68,"minecraft:cooked_porkchop":29,"minecraft:diamond_axe":1,"minecraft:crafting_table":2,"minecraft:acacia_slab":6,"minecraft:wooden_pickaxe":1,"minecraft:acacia_trapdoor":2,"minecraft:red_bed":3,"minecraft:fletching_table":4,"minecraft:stone_axe":1,"minecraft:enchanted_book":1,"minecraft:bread":191,"minecraft:air":0,"minecraft:lectern":1,"minecraft:book":11,"minecraft:paper":30,"minecraft:diamond_pickaxe":1,"minecraft:stick":2264,"minecraft:iron_ingot":30,"minecraft:iron_pickaxe":1,"minecraft:stone_sword":1,"minecraft:iron_shovel":1,"minecraft:white_bed":1,"minecraft:acacia_planks":1296,"minecraft:torch":20,"minecraft:shears":1,"minecraft:diamond_chestplate":1},"minecraft:picked_up":{"minecraft:cocoa_beans":3,"minecraft:crafting_table":7,"minecraft:wheat":82,"minecraft:brewing_stand":1,"minecraft:string":34,"minecraft:red_bed":3,"minecraft:raw_copper":9,"minecraft:iron_axe":1,"minecraft:cartography_table":2,"minecraft:cobbled_deepslate":200,"minecraft:bucket":1,"minecraft:beef":45,"minecraft:acacia_fence_gate":2,"minecraft:poppy":7,"minecraft:lectern":30,"minecraft:sugar_cane":66,"minecraft:chest":7,"minecraft:furnace":1,"minecraft:egg":2,"minecraft:stick":8,"minecraft:raw_iron":50,"minecraft:acacia_fence":10,"minecraft:composter":4,"minecraft:torch":17,"minecraft:acacia_log":303,"minecraft:porkchop":29,"minecraft:diorite":8,"minecraft:redstone":75,"minecraft:orange_bed":3,"minecraft:arrow":1,"minecraft:rotten_flesh":10,"minecraft:hay_block":60,"minecraft:obsidian":10,"minecraft:mutton":11,"minecraft:white_wool":7,"minecraft:cobblestone":232,"minecraft:tripwire_hook":11,"minecraft:jungle_log":2,"minecraft:leather":22,"minecraft:smoker":2,"minecraft:acacia_wood":38,"minecraft:flint":9,"minecraft:tuff":51,"minecraft:oak_log":10,"minecraft:dirt":780,"minecraft:orange_terracotta":3,"minecraft:bone":2,"minecraft:acacia_planks":121,"minecraft:stonecutter":1,"minecraft:wheat_seeds":199,"minecraft:acacia_trapdoor":10,"minecraft:grindstone":1,"minecraft:iron_ingot":27,"minecraft:fletching_table":7,"minecraft:bamboo":1597,"minecraft:acacia_sapling":9,"minecraft:dandelion":5,"minecraft:gravel":41,"minecraft:blast_furnace":3,"minecraft:white_bed":3,"minecraft:acacia_stairs":74,"minecraft:barrel":3,"minecraft:diamond":41,"minecraft:lever":6,"minecraft:granite":17,"minecraft:bread":116,"minecraft:oak_sapling":3,"minecraft:brown_banner":11,"minecraft:acacia_slab":3,"minecraft:melon_seeds":11,"minecraft:coal":101,"minecraft:hopper":1},"minecraft:killed":{"minecraft:spider":2,"minecraft:skeleton":4,"minecraft:pig":13,"minecraft:iron_golem":2,"minecraft:creeper":4,"minecraft:sheep":7,"minecraft:zombie":10,"minecraft:cow":19},"minecraft:broken":{"minecraft:iron_shovel":1,"minecraft:stone_hoe":1,"minecraft:iron_axe":1,"minecraft:iron_pickaxe":1,"minecraft:stone_shovel":1},"minecraft:used":{"minecraft:stone_sword":127,"minecraft:iron_shovel":258,"minecraft:acacia_log":17,"minecraft:flint_and_steel":1,"minecraft:stone_shovel":143,"minecraft:chest":14,"minecraft:stone":1,"minecraft:stone_hoe":135,"minecraft:orange_bed":1,"minecraft:torch":28,"minecraft:dirt":721,"minecraft:hopper":1,"minecraft:acacia_sapling":1,"minecraft:obsidian":10,"minecraft:iron_hoe":128,"minecraft:lava_bucket":1,"minecraft:iron_axe":391,"minecraft:bamboo":142,"minecraft:tripwire_hook":11,"minecraft:furnace":2,"minecraft:acacia_fence":4,"minecraft:cobbled_deepslate":13,"minecraft:acacia_planks":125,"minecraft:cooked_mutton":5,"minecraft:wheat_seeds":192,"minecraft:water_bucket":51,"minecraft:acacia_trapdoor":10,"minecraft:stone_pickaxe":58,"minecraft:wooden_pickaxe":3,"minecraft:diamond_axe":380,"minecraft:fletching_table":11,"minecraft:sugar_cane":16,"minecraft:crafting_table":8,"minecraft:red_bed":6,"minecraft:blast_furnace":4,"minecraft:white_bed":3,"minecraft:shears":6,"minecraft:smoker":3,"minecraft:lever":6,"minecraft:diamond_pickaxe":391,"minecraft:acacia_stairs":74,"minecraft:diamond_shovel":379,"minecraft:string":29,"minecraft:bread":4,"minecraft:iron_pickaxe":250,"minecraft:lectern":31,"minecraft:gravel":41,"minecraft:acacia_fence_gate":10,"minecraft:stone_axe":108,"minecraft:diamond_sword":60,"minecraft:cobblestone":20,"minecraft:cooked_porkchop":24,"minecraft:bucket":53},"minecraft:mined":{"minecraft:tuff":52,"minecraft:white_bed":3,"minecraft:farmland":21,"minecraft:deepslate_diamond_ore":41,"minecraft:brewing_stand":1,"minecraft:obsidian":10,"minecraft:glow_lichen":1,"minecraft:lever":4,"minecraft:granite":17,"minecraft:acacia_log":313,"minecraft:grass_block":455,"minecraft:acacia_slab":3,"minecraft:hopper":1,"minecraft:composter":4,"minecraft:cartography_table":2,"minecraft:hay_block":60,"minecraft:furnace":1,"minecraft:acacia_trapdoor":10,"minecraft:iron_ore":44,"minecraft:cobbled_deepslate":1,"minecraft:barrel":3,"minecraft:acacia_wood":40,"minecraft:acacia_stairs":75,"minecraft:fletching_table":7,"minecraft:deepslate_iron_ore":6,"minecraft:dirt_path":147,"minecraft:bamboo":149,"minecraft:stone":212,"minecraft:orange_bed":3,"minecraft:tripwire":19,"minecraft:deepslate_redstone_ore":16,"minecraft:acacia_leaves":39,"minecraft:glass_pane":5,"minecraft:red_bed":3,"minecraft:melon_stem":2,"minecraft:smoker":2,"minecraft:orange_terracotta":3,"minecraft:dandelion":3,"minecraft:crafting_table":7,"minecraft:torch":5,"minecraft:blast_furnace":3,"minecraft:poppy":3,"minecraft:chest":7,"minecraft:lectern":30,"minecraft:copper_ore":2,"minecraft:tall_grass":22,"minecraft:cobblestone":20,"minecraft:grindstone":1,"minecraft:sugar_cane":47,"minecraft:sculk":1,"minecraft:diorite":8,"minecraft:wall_torch":5,"minecraft:acacia_fence_gate":2,"minecraft:wheat":54,"minecraft:grass":177,"minecraft:oak_log":10,"minecraft:coal_ore":56,"minecraft:cocoa":1,"minecraft:acacia_fence":10,"minecraft:gravel":50,"minecraft:dirt":127,"minecraft:tripwire_hook":8,"minecraft:acacia_planks":123,"minecraft:stonecutter":1,"minecraft:fern":5,"minecraft:oak_leaves":4,"minecraft:deepslate":202}},"DataVersion":3465}