{"stats":{"minecraft:crafted":{"minecraft:oak_planks":64,"minecraft:smooth_stone":3,"minecraft:melon":5,"minecraft:blaze_powder":14,"minecraft:stone":516,"minecraft:lever":1,"minecraft:diamond_shovel":1,"minecraft:bookshelf":1,"minecraft:shulker_box":10,"minecraft:cooked_mutton":11,"minecraft:bamboo_block":7,"minecraft:cake":8,"minecraft:glass":448,"minecraft:hopper":1,"minecraft:diamond_helmet":1,"minecraft:bow":12,"minecraft:diamond_leggings":1,"minecraft:chest":47,"minecraft:stone_hoe":1,"minecraft:ender_eye":12,"minecraft:smoker":1,"minecraft:emerald":118,"minecraft:arrow":32,"minecraft:cooked_porkchop":29,"minecraft:diamond_axe":1,"minecraft:crafting_table":5,"minecraft:acacia_slab":12,"minecraft:baked_potato":32,"minecraft:wooden_pickaxe":1,"minecraft:fletching_table":4,"minecraft:apple":36,"minecraft:bamboo_planks":14,"minecraft:lectern":1,"minecraft:book":11,"minecraft:paper":30,"minecraft:diamond_pickaxe":1,"minecraft:shield":1,"minecraft:stick":3016,"minecraft:iron_ingot":30,"minecraft:iron_pickaxe":1,"minecraft:iron_block":3,"minecraft:stone_sword":1,"minecraft:shears":1,"minecraft:cookie":72,"minecraft:stone_shovel":1,"minecraft:tripwire_hook":2,"minecraft:diamond_hoe":1,"minecraft:furnace":19,"minecraft:acacia_fence_gate":9,"minecraft:blast_furnace":1,"minecraft:bone_meal":627,"minecraft:flint_and_steel":1,"minecraft:polished_deepslate":144,"minecraft:iron_axe":2,"minecraft:iron_hoe":2,"minecraft:stone_pickaxe":2,"minecraft:diamond_boots":1,"minecraft:wheat":1062,"minecraft:cooked_beef":35,"minecraft:red_dye":3,"minecraft:diamond_sword":1,"minecraft:acacia_trapdoor":2,"minecraft:red_bed":3,"minecraft:acacia_stairs":32,"minecraft:bucket":8,"minecraft:stone_axe":1,"minecraft:glowstone":5,"minecraft:enchanted_book":1,"minecraft:acacia_boat":1,"minecraft:bread":278,"minecraft:air":0,"minecraft:iron_shovel":1,"minecraft:anvil":1,"minecraft:white_bed":2,"minecraft:acacia_planks":1656,"minecraft:torch":84,"minecraft:diamond_chestplate":1},"minecraft:custom":{"minecraft:interact_with_crafting_table":69,"minecraft:open_shulker_box":6,"minecraft:bell_ring":25,"minecraft:eat_cake_slice":1,"minecraft:leave_game":35,"minecraft:time_since_death":179493,"minecraft:sprint_one_cm":1481973,"minecraft:damage_blocked_by_shield":2265,"minecraft:drop":65,"minecraft:talked_to_villager":121,"minecraft:play_time":550588,"minecraft:deaths":4,"minecraft:jump":6944,"minecraft:interact_with_brewingstand":1,"minecraft:walk_on_water_one_cm":69733,"minecraft:interact_with_furnace":113,"minecraft:traded_with_villager":154,"minecraft:sleep_in_bed":28,"minecraft:open_enderchest":9,"minecraft:damage_dealt":45046,"minecraft:crouch_one_cm":155878,"minecraft:interact_with_smoker":28,"minecraft:interact_with_anvil":4,"minecraft:mob_kills":215,"minecraft:climb_one_cm":4341,"minecraft:walk_one_cm":1692893,"minecraft:sneak_time":40690,"minecraft:walk_under_water_one_cm":61334,"minecraft:boat_one_cm":14721,"minecraft:interact_with_blast_furnace":11,"minecraft:total_world_time":550588,"minecraft:time_since_rest":10741,"minecraft:damage_taken":5113,"minecraft:swim_one_cm":36212,"minecraft:fly_one_cm":5433140,"minecraft:open_chest":269,"minecraft:aviate_one_cm":1102142,"minecraft:fall_one_cm":238155},"minecraft:broken":{"minecraft:iron_shovel":1,"minecraft:stone_shovel":1,"minecraft:iron_hoe":1,"minecraft:stone_hoe":1,"minecraft:iron_axe":1,"minecraft:iron_pickaxe":1},"minecraft:killed_by":{"minecraft:enderman":1,"minecraft:ender_dragon":1},"minecraft:picked_up":{"minecraft:shulker_shell":20,"minecraft:wheat":419,"minecraft:nether_brick_fence":1,"minecraft:sentry_armor_trim_smithing_template":2,"minecraft:diamond_sword":3,"minecraft:enchanted_book":3,"minecraft:brewing_stand":2,"minecraft:polished_deepslate":5,"minecraft:string":39,"minecraft:raw_copper":31,"minecraft:cooked_salmon":2,"minecraft:sticky_piston":6,"minecraft:diamond_leggings":3,"minecraft:cobbled_deepslate":261,"minecraft:bucket":1,"minecraft:eye_armor_trim_smithing_template":9,"minecraft:acacia_fence_gate":5,"minecraft:ender_eye":1,"minecraft:iron_pickaxe":1,"minecraft:melon_slice":51,"minecraft:furnace":1,"minecraft:stick":82,"minecraft:acacia_fence":14,"minecraft:composter":18,"minecraft:torch":55,"minecraft:purpur_pillar":10,"minecraft:acacia_log":452,"minecraft:porkchop":29,"minecraft:diorite":8,"minecraft:orange_bed":3,"minecraft:stone_sword":1,"minecraft:cactus":8,"minecraft:rotten_flesh":28,"minecraft:blaze_rod":13,"minecraft:obsidian":106,"minecraft:blaze_powder":2,"minecraft:cobblestone":1386,"minecraft:cooked_beef":54,"minecraft:iron_door":6,"minecraft:water_bucket":3,"minecraft:jungle_log":2,"minecraft:smoker":2,"minecraft:potato":527,"minecraft:flint":11,"minecraft:tuff":51,"minecraft:acacia_boat":5,"minecraft:wither_skeleton_skull":3,"minecraft:dirt":1525,"minecraft:bone":33,"minecraft:acacia_planks":205,"minecraft:stonecutter":1,"minecraft:bow":2,"minecraft:wheat_seeds":1726,"minecraft:grindstone":1,"minecraft:glowstone_dust":20,"minecraft:fletching_table":11,"minecraft:diamond_helmet":2,"minecraft:bamboo":1598,"minecraft:poisonous_potato":3,"minecraft:sand":556,"minecraft:melon":1,"minecraft:acacia_stairs":78,"minecraft:shulker_box":23,"minecraft:barrel":3,"minecraft:mossy_cobblestone":12,"minecraft:iron_hoe":3,"minecraft:diamond":48,"minecraft:lever":6,"minecraft:granite":17,"minecraft:bone_meal":15,"minecraft:emerald":55,"minecraft:bread":125,"minecraft:oak_sapling":4,"minecraft:netherrack":4,"minecraft:diamond_pickaxe":3,"minecraft:end_stone_bricks":16,"minecraft:cocoa_beans":6,"minecraft:crafting_table":13,"minecraft:wooden_pickaxe":1,"minecraft:dragon_head":1,"minecraft:purpur_block":26,"minecraft:shield":4,"minecraft:elytra":2,"minecraft:red_bed":22,"minecraft:iron_axe":2,"minecraft:acacia_door":2,"minecraft:flint_and_steel":1,"minecraft:iron_shovel":2,"minecraft:cartography_table":2,"minecraft:beef":45,"minecraft:poppy":10,"minecraft:lectern":31,"minecraft:sugar_cane":199,"minecraft:chest":38,"minecraft:egg":3,"minecraft:raw_iron":50,"minecraft:cake":2,"minecraft:cookie":72,"minecraft:carrot":1355,"minecraft:redstone":86,"minecraft:prismarine_crystals":4,"minecraft:tnt":2,"minecraft:arrow":36,"minecraft:diamond_chestplate":2,"minecraft:cooked_cod":3,"minecraft:beetroot_seeds":10,"minecraft:nether_bricks":1,"minecraft:shears":1,"minecraft:diamond_boots":3,"minecraft:hay_block":118,"minecraft:purpur_slab":7,"minecraft:gold_ingot":23,"minecraft:mutton":16,"minecraft:white_wool":10,"minecraft:bone_block":118,"minecraft:tripwire_hook":11,"minecraft:leather":27,"minecraft:acacia_wood":60,"minecraft:filled_map":1,"minecraft:purpur_stairs":1,"minecraft:oak_log":24,"minecraft:paper":2,"minecraft:orange_terracotta":62,"minecraft:cooked_mutton":6,"minecraft:apple":36,"minecraft:kelp":14,"minecraft:acacia_trapdoor":12,"minecraft:wild_armor_trim_smithing_template":4,"minecraft:heart_of_the_sea":1,"minecraft:iron_ingot":93,"minecraft:glass_bottle":3,"minecraft:acacia_sapling":9,"minecraft:book":775,"minecraft:warped_fungus":1,"minecraft:pumpkin":26,"minecraft:dandelion":5,"minecraft:gravel":101,"minecraft:blast_furnace":3,"minecraft:white_bed":3,"minecraft:diamond_shovel":2,"minecraft:diamond_axe":4,"minecraft:warped_roots":12,"minecraft:brown_banner":15,"minecraft:acacia_slab":21,"minecraft:melon_seeds":22,"minecraft:warped_nylium":6,"minecraft:coal":224,"minecraft:hopper":2,"minecraft:ender_pearl":12},"minecraft:dropped":{"minecraft:warped_fungus":1,"minecraft:glass_bottle":2,"minecraft:warped_roots":10,"minecraft:purpur_stairs":1,"minecraft:dirt":33,"minecraft:bone":4,"minecraft:gravel":4,"minecraft:wheat":35,"minecraft:rotten_flesh":4,"minecraft:nether_brick_fence":1,"minecraft:carrot":620,"minecraft:poppy":3,"minecraft:jungle_log":2,"minecraft:end_stone_bricks":10,"minecraft:arrow":2,"minecraft:netherrack":2,"minecraft:bread":407,"minecraft:wheat_seeds":5,"minecraft:poisonous_potato":2,"minecraft:cobblestone":12,"minecraft:iron_door":1,"minecraft:iron_axe":1,"minecraft:bucket":1,"minecraft:warped_nylium":3,"minecraft:nether_bricks":1,"minecraft:oak_sapling":3,"minecraft:diamond_boots":1,"minecraft:bow":1},"minecraft:killed":{"minecraft:spider":2,"minecraft:shulker":37,"minecraft:skeleton":12,"minecraft:silverfish":3,"minecraft:magma_cube":9,"minecraft:piglin":1,"minecraft:pig":13,"minecraft:iron_golem":2,"minecraft:ender_dragon":1,"minecraft:creeper":5,"minecraft:sheep":10,"minecraft:zombie":30,"minecraft:ghast":1,"minecraft:cow":19,"minecraft:blaze":17,"minecraft:drowned":4,"minecraft:wither_skeleton":16,"minecraft:enderman":24},"minecraft:used":{"minecraft:iron_shovel":1020,"minecraft:polished_deepslate":101,"minecraft:poppy":2,"minecraft:diamond_hoe":23,"minecraft:chest":20,"minecraft:shield":28,"minecraft:stone":305,"minecraft:carrot":791,"minecraft:acacia_sapling":1,"minecraft:obsidian":10,"minecraft:glass":153,"minecraft:lava_bucket":1,"minecraft:warped_nylium":3,"minecraft:bow":36,"minecraft:oak_sapling":1,"minecraft:furnace":18,"minecraft:acacia_fence":4,"minecraft:potato":248,"minecraft:dragon_head":1,"minecraft:diamond_boots":1,"minecraft:acacia_trapdoor":10,"minecraft:stone_pickaxe":58,"minecraft:oak_planks":4,"minecraft:ender_pearl":1,"minecraft:wooden_pickaxe":3,"minecraft:composter":18,"minecraft:diamond_axe":794,"minecraft:sugar_cane":17,"minecraft:sand":6,"minecraft:blast_furnace":4,"minecraft:shears":6,"minecraft:lever":6,"minecraft:string":29,"minecraft:bread":4,"minecraft:lectern":32,"minecraft:iron_door":5,"minecraft:gravel":41,"minecraft:diamond_sword":694,"minecraft:bone_meal":578,"minecraft:purpur_block":14,"minecraft:stone_sword":127,"minecraft:acacia_log":20,"minecraft:flint_and_steel":1,"minecraft:stone_shovel":143,"minecraft:stone_hoe":135,"minecraft:netherrack":2,"minecraft:orange_bed":1,"minecraft:torch":72,"minecraft:brewing_stand":1,"minecraft:dirt":941,"minecraft:anvil":1,"minecraft:hopper":1,"minecraft:shulker_box":3,"minecraft:iron_hoe":323,"minecraft:iron_axe":391,"minecraft:acacia_slab":16,"minecraft:bamboo":142,"minecraft:diamond_chestplate":1,"minecraft:tripwire_hook":11,"minecraft:glowstone":5,"minecraft:cooked_beef":35,"minecraft:cobbled_deepslate":15,"minecraft:acacia_planks":161,"minecraft:wheat_seeds":862,"minecraft:cooked_mutton":11,"minecraft:acacia_boat":5,"minecraft:water_bucket":65,"minecraft:baked_potato":3,"minecraft:fletching_table":15,"minecraft:warped_roots":2,"minecraft:red_bed":23,"minecraft:crafting_table":11,"minecraft:white_bed":4,"minecraft:cake":6,"minecraft:smoker":3,"minecraft:ender_eye":11,"minecraft:diamond_pickaxe":1927,"minecraft:acacia_stairs":93,"minecraft:diamond_shovel":874,"minecraft:iron_pickaxe":281,"minecraft:purpur_slab":3,"minecraft:acacia_fence_gate":12,"minecraft:stone_axe":108,"minecraft:cobblestone":193,"minecraft:potion":1,"minecraft:cooked_porkchop":29,"minecraft:bucket":82,"minecraft:diamond_leggings":1},"minecraft:mined":{"minecraft:dragon_wall_head":1,"minecraft:white_bed":3,"minecraft:farmland":45,"minecraft:jungle_leaves":3,"minecraft:brewing_stand":2,"minecraft:obsidian":10,"minecraft:granite":18,"minecraft:acacia_log":396,"minecraft:grass_block":771,"minecraft:purpur_slab":3,"minecraft:composter":18,"minecraft:hopper":1,"minecraft:chiseled_stone_bricks":3,"minecraft:spawner":1,"minecraft:glowstone":6,"minecraft:iron_ore":45,"minecraft:cobbled_deepslate":3,"minecraft:sticky_piston":3,"minecraft:barrel":3,"minecraft:pumpkin":12,"minecraft:fletching_table":11,"minecraft:dirt_path":162,"minecraft:end_stone_bricks":16,"minecraft:tripwire":20,"minecraft:orange_bed":3,"minecraft:deepslate_redstone_ore":16,"minecraft:red_bed":20,"minecraft:kelp_plant":1,"minecraft:melon_stem":3,"minecraft:smoker":2,"minecraft:orange_terracotta":31,"minecraft:purpur_stairs":1,"minecraft:torch":14,"minecraft:blast_furnace":3,"minecraft:poppy":5,"minecraft:melon":9,"minecraft:chest":8,"minecraft:glass":5,"minecraft:cobblestone":52,"minecraft:grindstone":1,"minecraft:sugar_cane":115,"minecraft:iron_door":9,"minecraft:wall_torch":7,"minecraft:warped_nylium":2,"minecraft:repeater":1,"minecraft:wheat":717,"minecraft:purpur_block":27,"minecraft:grass":509,"minecraft:infested_mossy_stone_bricks":1,"minecraft:oak_log":24,"minecraft:beetroots":5,"minecraft:acacia_fence":12,"minecraft:sand":560,"minecraft:dirt":466,"minecraft:tripwire_hook":9,"minecraft:stonecutter":1,"minecraft:netherrack":2,"minecraft:oak_leaves":13,"minecraft:deepslate":202,"minecraft:tuff":52,"minecraft:mossy_cobblestone":6,"minecraft:deepslate_diamond_ore":41,"minecraft:shulker_box":3,"minecraft:end_stone":6,"minecraft:glow_lichen":1,"minecraft:lever":4,"minecraft:nether_bricks":1,"minecraft:redstone_wire":2,"minecraft:acacia_slab":12,"minecraft:cartography_table":2,"minecraft:kelp":5,"minecraft:hay_block":118,"minecraft:furnace":1,"minecraft:carrots":522,"minecraft:acacia_trapdoor":10,"minecraft:nether_sprouts":1,"minecraft:acacia_wood":52,"minecraft:acacia_stairs":79,"minecraft:nether_brick_fence":1,"minecraft:polished_deepslate":5,"minecraft:bookshelf":135,"minecraft:potatoes":235,"minecraft:deepslate_iron_ore":6,"minecraft:bamboo":149,"minecraft:stone":1251,"minecraft:bone_block":92,"minecraft:ender_chest":3,"minecraft:acacia_leaves":54,"minecraft:glass_pane":10,"minecraft:infested_stone_bricks":3,"minecraft:dandelion":3,"minecraft:oak_fence":2,"minecraft:crafting_table":9,"minecraft:warped_roots":2,"minecraft:lectern":31,"minecraft:tall_grass":45,"minecraft:purpur_pillar":6,"minecraft:copper_ore":4,"minecraft:sculk":1,"minecraft:diorite":8,"minecraft:cactus":3,"minecraft:acacia_fence_gate":4,"minecraft:coal_ore":123,"minecraft:cocoa":1,"minecraft:gravel":83,"minecraft:acacia_door":1,"minecraft:cobweb":3,"minecraft:acacia_planks":155,"minecraft:stone_bricks":1,"minecraft:mossy_stone_bricks":1,"minecraft:fern":5}},"DataVersion":3465}