{"stats":{"minecraft:mined":{"minecraft:tuff":52,"minecraft:white_bed":3,"minecraft:farmland":21,"minecraft:deepslate_diamond_ore":41,"minecraft:jungle_leaves":3,"minecraft:brewing_stand":1,"minecraft:obsidian":10,"minecraft:glow_lichen":1,"minecraft:nether_bricks":1,"minecraft:lever":4,"minecraft:granite":18,"minecraft:acacia_log":383,"minecraft:grass_block":469,"minecraft:acacia_slab":5,"minecraft:composter":4,"minecraft:cartography_table":2,"minecraft:hopper":1,"minecraft:spawner":1,"minecraft:hay_block":60,"minecraft:furnace":1,"minecraft:acacia_trapdoor":10,"minecraft:nether_sprouts":1,"minecraft:iron_ore":45,"minecraft:cobbled_deepslate":1,"minecraft:barrel":3,"minecraft:acacia_wood":50,"minecraft:acacia_stairs":75,"minecraft:fletching_table":7,"minecraft:nether_brick_fence":1,"minecraft:deepslate_iron_ore":6,"minecraft:dirt_path":154,"minecraft:bamboo":149,"minecraft:stone":233,"minecraft:bone_block":27,"minecraft:orange_bed":3,"minecraft:tripwire":19,"minecraft:deepslate_redstone_ore":16,"minecraft:acacia_leaves":52,"minecraft:glass_pane":10,"minecraft:infested_stone_bricks":1,"minecraft:red_bed":8,"minecraft:melon_stem":2,"minecraft:smoker":2,"minecraft:orange_terracotta":31,"minecraft:dandelion":3,"minecraft:crafting_table":9,"minecraft:torch":5,"minecraft:blast_furnace":3,"minecraft:poppy":3,"minecraft:warped_roots":2,"minecraft:chest":7,"minecraft:lectern":30,"minecraft:copper_ore":2,"minecraft:tall_grass":22,"minecraft:cobblestone":21,"minecraft:iron_door":6,"minecraft:sugar_cane":62,"minecraft:grindstone":1,"minecraft:sculk":1,"minecraft:diorite":8,"minecraft:wall_torch":5,"minecraft:warped_nylium":2,"minecraft:acacia_fence_gate":2,"minecraft:wheat":247,"minecraft:grass":224,"minecraft:oak_log":14,"minecraft:coal_ore":57,"minecraft:cocoa":1,"minecraft:acacia_fence":12,"minecraft:gravel":54,"minecraft:acacia_door":1,"minecraft:dirt":132,"minecraft:stone_bricks":1,"minecraft:tripwire_hook":8,"minecraft:acacia_planks":143,"minecraft:stonecutter":1,"minecraft:oak_leaves":7,"minecraft:deepslate":202,"minecraft:fern":5},"minecraft:broken":{"minecraft:iron_shovel":1,"minecraft:stone_hoe":1,"minecraft:iron_axe":1,"minecraft:iron_pickaxe":1,"minecraft:stone_shovel":1,"minecraft:iron_hoe":1},"minecraft:crafted":{"minecraft:smooth_stone":3,"minecraft:oak_planks":40,"minecraft:stone_shovel":1,"minecraft:tripwire_hook":2,"minecraft:blaze_powder":14,"minecraft:furnace":3,"minecraft:acacia_fence_gate":9,"minecraft:blast_furnace":1,"minecraft:stone":4,"minecraft:lever":1,"minecraft:diamond_shovel":1,"minecraft:bookshelf":1,"minecraft:cooked_mutton":11,"minecraft:flint_and_steel":1,"minecraft:bamboo_block":7,"minecraft:hopper":1,"minecraft:diamond_helmet":1,"minecraft:diamond_leggings":1,"minecraft:bow":12,"minecraft:iron_axe":2,"minecraft:iron_hoe":2,"minecraft:stone_pickaxe":2,"minecraft:chest":15,"minecraft:diamond_boots":1,"minecraft:ender_eye":12,"minecraft:stone_hoe":1,"minecraft:smoker":1,"minecraft:wheat":540,"minecraft:cooked_beef":22,"minecraft:red_dye":3,"minecraft:arrow":32,"minecraft:diamond_sword":1,"minecraft:emerald":89,"minecraft:cooked_porkchop":29,"minecraft:diamond_axe":1,"minecraft:crafting_table":3,"minecraft:acacia_slab":6,"minecraft:wooden_pickaxe":1,"minecraft:acacia_trapdoor":2,"minecraft:red_bed":3,"minecraft:fletching_table":4,"minecraft:stone_axe":1,"minecraft:enchanted_book":1,"minecraft:bread":241,"minecraft:air":0,"minecraft:bamboo_planks":14,"minecraft:lectern":1,"minecraft:book":11,"minecraft:paper":30,"minecraft:diamond_pickaxe":1,"minecraft:shield":1,"minecraft:stick":3000,"minecraft:iron_ingot":30,"minecraft:iron_pickaxe":1,"minecraft:stone_sword":1,"minecraft:iron_shovel":1,"minecraft:white_bed":1,"minecraft:acacia_planks":1300,"minecraft:torch":20,"minecraft:shears":1,"minecraft:diamond_chestplate":1},"minecraft:picked_up":{"minecraft:cocoa_beans":3,"minecraft:crafting_table":9,"minecraft:wheat":218,"minecraft:nether_brick_fence":1,"minecraft:brewing_stand":1,"minecraft:string":34,"minecraft:red_bed":8,"minecraft:raw_copper":9,"minecraft:iron_axe":1,"minecraft:acacia_door":1,"minecraft:cartography_table":2,"minecraft:cobbled_deepslate":200,"minecraft:bucket":1,"minecraft:beef":45,"minecraft:acacia_fence_gate":2,"minecraft:poppy":7,"minecraft:lectern":30,"minecraft:sugar_cane":84,"minecraft:chest":7,"minecraft:furnace":1,"minecraft:egg":2,"minecraft:stick":10,"minecraft:raw_iron":50,"minecraft:acacia_fence":12,"minecraft:composter":4,"minecraft:torch":22,"minecraft:acacia_log":373,"minecraft:porkchop":29,"minecraft:diorite":8,"minecraft:redstone":75,"minecraft:orange_bed":3,"minecraft:arrow":5,"minecraft:rotten_flesh":10,"minecraft:nether_bricks":1,"minecraft:hay_block":60,"minecraft:blaze_rod":9,"minecraft:obsidian":10,"minecraft:mutton":11,"minecraft:bone_block":27,"minecraft:white_wool":7,"minecraft:cobblestone":254,"minecraft:iron_door":5,"minecraft:tripwire_hook":11,"minecraft:jungle_log":2,"minecraft:leather":22,"minecraft:smoker":2,"minecraft:acacia_wood":48,"minecraft:flint":9,"minecraft:tuff":51,"minecraft:oak_log":14,"minecraft:wither_skeleton_skull":1,"minecraft:dirt":806,"minecraft:orange_terracotta":31,"minecraft:bone":12,"minecraft:acacia_planks":141,"minecraft:stonecutter":1,"minecraft:wheat_seeds":627,"minecraft:acacia_trapdoor":10,"minecraft:iron_ingot":27,"minecraft:grindstone":1,"minecraft:fletching_table":7,"minecraft:bamboo":1597,"minecraft:acacia_sapling":9,"minecraft:warped_fungus":1,"minecraft:dandelion":5,"minecraft:gravel":45,"minecraft:blast_furnace":3,"minecraft:white_bed":3,"minecraft:acacia_stairs":74,"minecraft:barrel":3,"minecraft:diamond":41,"minecraft:lever":6,"minecraft:granite":17,"minecraft:netherrack":2,"minecraft:warped_nylium":6,"minecraft:warped_roots":12,"minecraft:bread":125,"minecraft:oak_sapling":3,"minecraft:brown_banner":13,"minecraft:acacia_slab":7,"minecraft:melon_seeds":13,"minecraft:coal":105,"minecraft:hopper":1,"minecraft:ender_pearl":12},"minecraft:used":{"minecraft:stone_sword":127,"minecraft:iron_shovel":258,"minecraft:acacia_log":20,"minecraft:flint_and_steel":1,"minecraft:stone_shovel":143,"minecraft:shield":28,"minecraft:chest":14,"minecraft:stone":1,"minecraft:stone_hoe":135,"minecraft:netherrack":2,"minecraft:orange_bed":1,"minecraft:torch":28,"minecraft:brewing_stand":1,"minecraft:dirt":731,"minecraft:hopper":1,"minecraft:acacia_sapling":1,"minecraft:obsidian":10,"minecraft:iron_hoe":264,"minecraft:lava_bucket":1,"minecraft:iron_axe":391,"minecraft:acacia_slab":4,"minecraft:warped_nylium":3,"minecraft:bamboo":142,"minecraft:tripwire_hook":11,"minecraft:furnace":2,"minecraft:acacia_fence":4,"minecraft:cooked_beef":10,"minecraft:cobbled_deepslate":13,"minecraft:acacia_planks":125,"minecraft:cooked_mutton":5,"minecraft:wheat_seeds":512,"minecraft:water_bucket":60,"minecraft:acacia_trapdoor":10,"minecraft:stone_pickaxe":58,"minecraft:oak_planks":3,"minecraft:ender_pearl":1,"minecraft:wooden_pickaxe":3,"minecraft:diamond_axe":511,"minecraft:fletching_table":11,"minecraft:sugar_cane":16,"minecraft:warped_roots":2,"minecraft:crafting_table":9,"minecraft:red_bed":11,"minecraft:blast_furnace":4,"minecraft:white_bed":3,"minecraft:shears":6,"minecraft:smoker":3,"minecraft:lever":6,"minecraft:diamond_pickaxe":489,"minecraft:acacia_stairs":74,"minecraft:diamond_shovel":409,"minecraft:string":29,"minecraft:bread":4,"minecraft:iron_pickaxe":250,"minecraft:lectern":31,"minecraft:iron_door":5,"minecraft:gravel":41,"minecraft:acacia_fence_gate":10,"minecraft:stone_axe":108,"minecraft:diamond_sword":322,"minecraft:cobblestone":30,"minecraft:cooked_porkchop":29,"minecraft:bucket":62},"minecraft:dropped":{"minecraft:bread":370,"minecraft:wheat_seeds":3,"minecraft:warped_fungus":1,"minecraft:warped_roots":3,"minecraft:dirt":33,"minecraft:iron_axe":1,"minecraft:bucket":1,"minecraft:warped_nylium":2,"minecraft:wheat":34,"minecraft:rotten_flesh":3,"minecraft:poppy":3,"minecraft:jungle_log":2,"minecraft:oak_sapling":3},"minecraft:killed":{"minecraft:spider":2,"minecraft:skeleton":7,"minecraft:silverfish":3,"minecraft:magma_cube":9,"minecraft:piglin":1,"minecraft:pig":13,"minecraft:iron_golem":2,"minecraft:creeper":4,"minecraft:sheep":7,"minecraft:zombie":11,"minecraft:wither_skeleton":16,"minecraft:enderman":23,"minecraft:blaze":17,"minecraft:cow":19},"minecraft:custom":{"minecraft:mob_kills":139,"minecraft:interact_with_crafting_table":51,"minecraft:bell_ring":6,"minecraft:leave_game":14,"minecraft:time_since_death":311838,"minecraft:climb_one_cm":2984,"minecraft:sprint_one_cm":830061,"minecraft:walk_one_cm":831855,"minecraft:damage_blocked_by_shield":2265,"minecraft:drop":30,"minecraft:talked_to_villager":99,"minecraft:play_time":311838,"minecraft:sneak_time":31631,"minecraft:walk_under_water_one_cm":8094,"minecraft:jump":4641,"minecraft:interact_with_blast_furnace":9,"minecraft:walk_on_water_one_cm":52293,"minecraft:total_world_time":311838,"minecraft:interact_with_furnace":14,"minecraft:traded_with_villager":104,"minecraft:sleep_in_bed":17,"minecraft:time_since_rest":7188,"minecraft:damage_taken":2551,"minecraft:damage_dealt":27594,"minecraft:swim_one_cm":22238,"minecraft:fly_one_cm":1668823,"minecraft:open_chest":133,"minecraft:crouch_one_cm":117385,"minecraft:fall_one_cm":132353,"minecraft:interact_with_smoker":19}},"DataVersion":3465}