{"stats":{"minecraft:broken":{"minecraft:diamond_helmet":1,"minecraft:iron_chestplate":1,"minecraft:iron_hoe":1,"minecraft:stone_hoe":1,"minecraft:shield":1,"minecraft:iron_axe":3,"minecraft:iron_pickaxe":1,"minecraft:iron_shovel":1,"minecraft:diamond_sword":1,"minecraft:stone_shovel":1,"minecraft:diamond_chestplate":1,"minecraft:diamond_axe":1},"minecraft:custom":{"minecraft:interact_with_crafting_table":343,"minecraft:open_barrel":18,"minecraft:bell_ring":26,"minecraft:eat_cake_slice":3,"minecraft:leave_game":73,"minecraft:time_since_death":39171,"minecraft:damage_blocked_by_shield":4155,"minecraft:play_time":2445414,"minecraft:deaths":7,"minecraft:jump":28215,"minecraft:interact_with_furnace":432,"minecraft:traded_with_villager":861,"minecraft:sleep_in_bed":94,"minecraft:damage_dealt":135420,"minecraft:interact_with_smoker":54,"minecraft:inspect_dispenser":81,"minecraft:inspect_dropper":88,"minecraft:interact_with_anvil":23,"minecraft:inspect_hopper":57,"minecraft:sneak_time":240825,"minecraft:interact_with_blast_furnace":52,"minecraft:total_world_time":2445414,"minecraft:tune_noteblock":5,"minecraft:time_since_rest":6368,"minecraft:swim_one_cm":46504,"minecraft:fly_one_cm":22002841,"minecraft:open_chest":1273,"minecraft:fall_one_cm":1222389,"minecraft:animals_bred":6,"minecraft:open_shulker_box":484,"minecraft:sprint_one_cm":4115170,"minecraft:drop":636,"minecraft:play_noteblock":7,"minecraft:talked_to_villager":801,"minecraft:interact_with_brewingstand":8,"minecraft:walk_on_water_one_cm":316995,"minecraft:open_enderchest":9,"minecraft:interact_with_beacon":3,"minecraft:crouch_one_cm":814897,"minecraft:mob_kills":893,"minecraft:climb_one_cm":14118,"minecraft:walk_one_cm":5424973,"minecraft:walk_under_water_one_cm":150020,"minecraft:boat_one_cm":58247,"minecraft:interact_with_grindstone":4,"minecraft:damage_taken":14639,"minecraft:minecart_one_cm":15947,"minecraft:aviate_one_cm":2032065},"minecraft:mined":{"minecraft:dragon_wall_head":1,"minecraft:white_bed":13,"minecraft:jungle_leaves":3,"minecraft:obsidian":52,"minecraft:granite":100,"minecraft:acacia_log":658,"minecraft:crimson_trapdoor":5,"minecraft:oak_pressure_plate":3,"minecraft:purpur_slab":5,"minecraft:hopper":58,"minecraft:oak_wall_sign":12,"minecraft:acacia_pressure_plate":1,"minecraft:chiseled_stone_bricks":3,"minecraft:spawner":1,"minecraft:magma_block":86,"minecraft:fire":26,"minecraft:barrel":3,"minecraft:sticky_piston":149,"minecraft:cobbled_deepslate":54,"minecraft:pumpkin":12,"minecraft:fletching_table":19,"minecraft:twisting_vines":6,"minecraft:polished_deepslate_slab":45,"minecraft:dirt_path":257,"minecraft:oak_stairs":14,"minecraft:white_shulker_box":16,"minecraft:iron_block":84,"minecraft:tripwire":39,"minecraft:orange_bed":5,"minecraft:piston_head":9,"minecraft:red_bed":79,"minecraft:kelp_plant":1,"minecraft:smoker":2,"minecraft:crimson_nylium":6,"minecraft:soul_fire":5,"minecraft:torch":31,"minecraft:note_block":4,"minecraft:blast_furnace":6,"minecraft:melon":9,"minecraft:glass":228,"minecraft:sugar_cane":322,"minecraft:chain":7,"minecraft:repeater":28,"minecraft:black_concrete_powder":10,"minecraft:wheat":726,"minecraft:warped_fungus":1,"minecraft:stone_brick_stairs":8,"minecraft:grass":807,"minecraft:infested_mossy_stone_bricks":1,"minecraft:smooth_basalt":10,"minecraft:red_mushroom_block":90,"minecraft:stonecutter":1,"minecraft:stripped_crimson_stem":1,"minecraft:piston":10,"minecraft:deepslate":531,"minecraft:yellow_terracotta":31,"minecraft:mossy_cobblestone":6,"minecraft:shulker_box":98,"minecraft:end_stone":149,"minecraft:nether_bricks":1,"minecraft:jungle_planks":3,"minecraft:crimson_roots":6,"minecraft:redstone_wire":125,"minecraft:cartography_table":2,"minecraft:kelp":5,"minecraft:white_concrete_powder":14,"minecraft:redstone_ore":15,"minecraft:acacia_trapdoor":24,"minecraft:acacia_wood":135,"minecraft:andesite":77,"minecraft:potatoes":235,"minecraft:rail":292,"minecraft:bamboo":149,"minecraft:bone_block":340,"minecraft:white_wool":3,"minecraft:ender_chest":3,"minecraft:oak_slab":8,"minecraft:redstone_block":4,"minecraft:glass_pane":17,"minecraft:comparator":7,"minecraft:soul_sand":4,"minecraft:observer":23,"minecraft:dandelion":5,"minecraft:emerald_ore":1,"minecraft:dropper":42,"minecraft:warped_roots":2,"minecraft:tall_grass":99,"minecraft:purpur_pillar":6,"minecraft:copper_ore":12,"minecraft:deepslate_gold_ore":1,"minecraft:diorite":37,"minecraft:red_terracotta":42,"minecraft:white_carpet":75,"minecraft:purple_concrete":768,"minecraft:gravel":131,"minecraft:acacia_door":10,"minecraft:cobweb":34,"minecraft:acacia_planks":251,"minecraft:oak_button":3,"minecraft:stone_bricks":77,"minecraft:iron_trapdoor":17,"minecraft:fern":5,"minecraft:spruce_planks":10,"minecraft:oak_sapling":6,"minecraft:farmland":56,"minecraft:mossy_stone_brick_slab":1,"minecraft:sculk_vein":2,"minecraft:brewing_stand":2,"minecraft:grass_block":1667,"minecraft:white_concrete":390,"minecraft:composter":31,"minecraft:smooth_stone":2,"minecraft:glowstone":23,"minecraft:iron_ore":81,"minecraft:iron_bars":12,"minecraft:end_stone_bricks":16,"minecraft:deepslate_redstone_ore":166,"minecraft:melon_stem":3,"minecraft:orange_terracotta":31,"minecraft:purpur_stairs":1,"minecraft:calcite":1,"minecraft:poppy":25,"minecraft:beacon":1,"minecraft:chest":27,"minecraft:mushroom_stem":14,"minecraft:nether_quartz_ore":570,"minecraft:cobblestone":861,"minecraft:slime_block":19,"minecraft:grindstone":2,"minecraft:oak_planks":57,"minecraft:iron_door":12,"minecraft:wall_torch":12,"minecraft:warped_nylium":2,"minecraft:powered_rail":239,"minecraft:nether_wart_block":7,"minecraft:purpur_block":27,"minecraft:oak_log":227,"minecraft:beetroots":5,"minecraft:acacia_fence":13,"minecraft:sand":574,"minecraft:dirt":1159,"minecraft:crimson_planks":104,"minecraft:tripwire_hook":9,"minecraft:dispenser":21,"minecraft:ancient_debris":3,"minecraft:netherrack":2600,"minecraft:oak_leaves":895,"minecraft:tuff":126,"minecraft:deepslate_diamond_ore":51,"minecraft:glow_lichen":58,"minecraft:lever":10,"minecraft:brown_mushroom_block":45,"minecraft:acacia_slab":120,"minecraft:mangrove_propagule":2,"minecraft:crimson_stem":97,"minecraft:hay_block":124,"minecraft:oak_trapdoor":4,"minecraft:furnace":1,"minecraft:heavy_weighted_pressure_plate":1,"minecraft:carrots":2979,"minecraft:nether_sprouts":1,"minecraft:acacia_stairs":180,"minecraft:black_concrete":648,"minecraft:gold_block":2,"minecraft:bell":2,"minecraft:nether_brick_fence":1,"minecraft:polished_deepslate":5,"minecraft:bookshelf":149,"minecraft:deepslate_iron_ore":12,"minecraft:stripped_acacia_log":158,"minecraft:stripped_oak_log":79,"minecraft:packed_ice":868,"minecraft:stone":3215,"minecraft:redstone_wall_torch":7,"minecraft:acacia_leaves":75,"minecraft:infested_stone_bricks":10,"minecraft:polished_granite":3,"minecraft:oak_fence":2,"minecraft:crafting_table":18,"minecraft:rose_bush":1,"minecraft:lectern":259,"minecraft:quartz_bricks":1,"minecraft:lapis_ore":3,"minecraft:lily_pad":1,"minecraft:sculk":3,"minecraft:spruce_stairs":2,"minecraft:cactus":3,"minecraft:acacia_fence_gate":8,"minecraft:redstone_torch":39,"minecraft:coal_ore":133,"minecraft:cocoa":1,"minecraft:cracked_stone_bricks":30,"minecraft:mossy_stone_bricks":40,"minecraft:crimson_fence":18},"minecraft:picked_up":{"minecraft:chainmail_boots":4,"minecraft:lead":10,"minecraft:diamond_sword":5,"minecraft:oak_stairs":14,"minecraft:enchanted_book":3,"minecraft:brewing_stand":2,"minecraft:polished_deepslate":5,"minecraft:string":102,"minecraft:cooked_salmon":2,"minecraft:diamond_leggings":5,"minecraft:cobbled_deepslate":667,"minecraft:crimson_fence":18,"minecraft:acacia_sign":6,"minecraft:acacia_fence_gate":9,"minecraft:hopper_minecart":1,"minecraft:melon_slice":51,"minecraft:composter":23,"minecraft:purpur_pillar":10,"minecraft:acacia_log":753,"minecraft:orange_bed":5,"minecraft:stone_sword":4,"minecraft:iron_block":84,"minecraft:glowstone":16,"minecraft:blaze_rod":17,"minecraft:magma_block":59,"minecraft:cooked_beef":54,"minecraft:iron_door":9,"minecraft:water_bucket":4,"minecraft:jungle_log":2,"minecraft:brown_wool":1,"minecraft:smoker":2,"minecraft:flint":15,"minecraft:stonecutter":1,"minecraft:diamond_helmet":4,"minecraft:glowstone_dust":20,"minecraft:glow_lichen":95,"minecraft:stripped_crimson_stem":1,"minecraft:dropper":71,"minecraft:ink_sac":3,"minecraft:acacia_stairs":151,"minecraft:red_terracotta":42,"minecraft:barrel":3,"minecraft:quartz_bricks":1,"minecraft:iron_hoe":3,"minecraft:stripped_acacia_log":155,"minecraft:dispenser":20,"minecraft:black_concrete_powder":1227,"minecraft:deepslate":9,"minecraft:lever":18,"minecraft:granite":82,"minecraft:bread":128,"minecraft:diamond_pickaxe":5,"minecraft:crimson_roots":5,"minecraft:crafting_table":22,"minecraft:crimson_trapdoor":6,"minecraft:dragon_head":1,"minecraft:purpur_block":26,"minecraft:heavy_weighted_pressure_plate":6,"minecraft:red_bed":81,"minecraft:elytra":3,"minecraft:acacia_door":14,"minecraft:flint_and_steel":1,"minecraft:white_carpet":112,"minecraft:iron_shovel":4,"minecraft:cracked_stone_bricks":3,"minecraft:cartography_table":2,"minecraft:deepslate_diamond_ore":8,"minecraft:beef":45,"minecraft:poppy":138,"minecraft:minecart":57,"minecraft:chest":64,"minecraft:piston":9,"minecraft:diamond_hoe":2,"minecraft:egg":9,"minecraft:polished_deepslate_slab":51,"minecraft:stone":113,"minecraft:music_disc_mellohi":1,"minecraft:cake":2,"minecraft:carrot":11057,"minecraft:redstone":1144,"minecraft:prismarine_crystals":4,"minecraft:tnt":2,"minecraft:diamond_chestplate":2,"minecraft:cooked_cod":3,"minecraft:beetroot_seeds":10,"minecraft:hay_block":123,"minecraft:shears":5,"minecraft:diamond_boots":5,"minecraft:purpur_slab":9,"minecraft:gold_ingot":23,"minecraft:white_shulker_box":13,"minecraft:mutton":21,"minecraft:white_wool":149,"minecraft:bone_block":362,"minecraft:rail":784,"minecraft:emerald_ore":1,"minecraft:stripped_oak_log":78,"minecraft:tripwire_hook":11,"minecraft:red_mushroom":22,"minecraft:acacia_wood":143,"minecraft:filled_map":1,"minecraft:purpur_stairs":1,"minecraft:oak_log":282,"minecraft:lily_pad":1,"minecraft:ancient_debris":3,"minecraft:paper":2,"minecraft:stone_bricks":67,"minecraft:apple":108,"minecraft:kelp":14,"minecraft:wild_armor_trim_smithing_template":4,"minecraft:tall_grass":1,"minecraft:glass_bottle":3,"minecraft:smooth_basalt":5,"minecraft:red_wool":2,"minecraft:gravel":144,"minecraft:diamond_shovel":4,"minecraft:slime_ball":263,"minecraft:diamond_axe":6,"minecraft:deepslate_redstone_ore":47,"minecraft:warped_roots":12,"minecraft:oak_button":3,"minecraft:brown_banner":15,"minecraft:melon_seeds":22,"minecraft:warped_nylium":6,"minecraft:mangrove_propagule":1,"minecraft:hopper":56,"minecraft:ender_pearl":12,"minecraft:shulker_shell":20,"minecraft:wheat":428,"minecraft:iron_trapdoor":16,"minecraft:redstone_block":2,"minecraft:nether_brick_fence":1,"minecraft:sentry_armor_trim_smithing_template":2,"minecraft:stone_brick_stairs":8,"minecraft:crimson_planks":75,"minecraft:raw_copper":39,"minecraft:sticky_piston":162,"minecraft:oak_sign":10,"minecraft:smooth_stone":78,"minecraft:comparator":5,"minecraft:bucket":9,"minecraft:eye_armor_trim_smithing_template":9,"minecraft:redstone_torch":82,"minecraft:ender_eye":1,"minecraft:calcite":1,"minecraft:iron_pickaxe":1,"minecraft:furnace":1,"minecraft:stick":513,"minecraft:acacia_fence":14,"minecraft:torch":84,"minecraft:porkchop":31,"minecraft:diorite":13,"minecraft:cactus":8,"minecraft:rotten_flesh":134,"minecraft:obsidian":147,"minecraft:blaze_powder":2,"minecraft:cobblestone":4146,"minecraft:magma_cream":2,"minecraft:repeater":31,"minecraft:andesite":74,"minecraft:beacon":1,"minecraft:potato":529,"minecraft:tuff":171,"minecraft:wither_skeleton_skull":5,"minecraft:acacia_boat":15,"minecraft:lapis_lazuli":33,"minecraft:dirt":3324,"minecraft:polished_granite":3,"minecraft:glass":130,"minecraft:bone":90,"minecraft:acacia_planks":354,"minecraft:bow":4,"minecraft:wheat_seeds":1846,"minecraft:bell":2,"minecraft:grindstone":2,"minecraft:mossy_stone_bricks":8,"minecraft:fletching_table":19,"minecraft:bamboo":1598,"minecraft:powered_rail":576,"minecraft:oak_planks":211,"minecraft:oak_pressure_plate":3,"minecraft:poisonous_potato":3,"minecraft:sand":3391,"minecraft:melon":1,"minecraft:grass_block":208,"minecraft:shulker_box":138,"minecraft:mossy_cobblestone":12,"minecraft:diamond":53,"minecraft:slime_block":19,"minecraft:black_concrete":648,"minecraft:grass":1,"minecraft:bone_meal":2745,"minecraft:white_concrete":408,"minecraft:emerald":55,"minecraft:oak_sapling":646,"minecraft:netherrack":961,"minecraft:oak_leaves":158,"minecraft:nether_star":1,"minecraft:end_stone_bricks":16,"minecraft:cocoa_beans":6,"minecraft:brown_mushroom":23,"minecraft:packed_ice":723,"minecraft:wooden_pickaxe":1,"minecraft:gold_block":2,"minecraft:chain":7,"minecraft:shield":4,"minecraft:oak_trapdoor":3,"minecraft:iron_axe":2,"minecraft:item_frame":4,"minecraft:observer":23,"minecraft:lectern":259,"minecraft:sugar_cane":571,"minecraft:raw_iron":112,"minecraft:end_stone":143,"minecraft:note_block":4,"minecraft:cookie":72,"minecraft:arrow":63,"minecraft:nether_bricks":1,"minecraft:crimson_stem":95,"minecraft:leather":30,"minecraft:nether_wart_block":5,"minecraft:gunpowder":20,"minecraft:orange_terracotta":66,"minecraft:cooked_mutton":6,"minecraft:acacia_trapdoor":26,"minecraft:heart_of_the_sea":1,"minecraft:iron_ingot":1432,"minecraft:acacia_sapling":12,"minecraft:soul_sand":4,"minecraft:purple_concrete":768,"minecraft:book":817,"minecraft:oak_slab":12,"minecraft:warped_fungus":1,"minecraft:pumpkin":26,"minecraft:quartz":1025,"minecraft:dandelion":15,"minecraft:blast_furnace":6,"minecraft:white_bed":13,"minecraft:mossy_stone_brick_slab":1,"minecraft:spider_eye":6,"minecraft:white_concrete_powder":1018,"minecraft:acacia_slab":252,"minecraft:coal":266,"minecraft:purple_concrete_powder":1041},"minecraft:dropped":{"minecraft:porkchop":2,"minecraft:oak_pressure_plate":3,"minecraft:glass_bottle":2,"minecraft:diamond":2,"minecraft:warped_roots":10,"minecraft:cracked_stone_bricks":3,"minecraft:purpur_stairs":1,"minecraft:elytra":1,"minecraft:rail":91,"minecraft:dirt":380,"minecraft:grass":1,"minecraft:bone_meal":560,"minecraft:bone":13,"minecraft:cobbled_deepslate":68,"minecraft:wheat":38,"minecraft:rotten_flesh":46,"minecraft:nether_brick_fence":1,"minecraft:jungle_log":2,"minecraft:hopper":2,"minecraft:acacia_sapling":3,"minecraft:end_stone_bricks":10,"minecraft:glass":3,"minecraft:egg":1,"minecraft:crimson_planks":20,"minecraft:iron_ingot":1101,"minecraft:wheat_seeds":89,"minecraft:cobblestone":617,"minecraft:book":1,"minecraft:apple":5,"minecraft:acacia_sign":1,"minecraft:smooth_stone":3,"minecraft:string":5,"minecraft:iron_boots":18,"minecraft:stone_slab":5,"minecraft:nether_bricks":1,"minecraft:shears":1,"minecraft:potato":1,"minecraft:stone":9,"minecraft:redstone_torch":2,"minecraft:spider_eye":4,"minecraft:bow":2,"minecraft:warped_fungus":1,"minecraft:leather":3,"minecraft:flint":1,"minecraft:crimson_trapdoor":1,"minecraft:packed_ice":1,"minecraft:mutton":3,"minecraft:crimson_roots":2,"minecraft:acacia_door":1,"minecraft:gravel":13,"minecraft:carrot":7109,"minecraft:chainmail_chestplate":8,"minecraft:poppy":148,"minecraft:gunpowder":3,"minecraft:melon_seeds":3,"minecraft:acacia_slab":10,"minecraft:chainmail_boots":15,"minecraft:arrow":23,"minecraft:netherrack":241,"minecraft:water_bucket":1,"minecraft:bread":410,"minecraft:oak_slab":2,"minecraft:minecart":1,"minecraft:poisonous_potato":2,"minecraft:grass_block":63,"minecraft:acacia_trapdoor":1,"minecraft:stick":8,"minecraft:diorite":2,"minecraft:torch":2,"minecraft:nether_wart_block":5,"minecraft:white_concrete":21,"minecraft:brown_wool":1,"minecraft:iron_door":1,"minecraft:crimson_sign":1,"minecraft:iron_axe":1,"minecraft:bucket":2,"minecraft:dandelion":10,"minecraft:smooth_basalt":5,"minecraft:redstone":64,"minecraft:warped_nylium":3,"minecraft:raw_copper":8,"minecraft:tall_grass":1,"minecraft:oak_button":1,"minecraft:orange_terracotta":2,"minecraft:andesite":1,"minecraft:mossy_stone_bricks":7,"minecraft:oak_sapling":5,"minecraft:slime_ball":6,"minecraft:diamond_boots":1,"minecraft:calcite":1},"minecraft:killed_by":{"minecraft:ender_dragon":1,"minecraft:enderman":1,"minecraft:skeleton":2},"minecraft:crafted":{"minecraft:black_dye":1,"minecraft:smooth_stone":116,"minecraft:oak_sign":9,"minecraft:melon":5,"minecraft:oak_pressure_plate":4,"minecraft:blaze_powder":16,"minecraft:chain":51,"minecraft:slime_block":16,"minecraft:diamond_shovel":2,"minecraft:lever":6,"minecraft:bookshelf":24,"minecraft:cooked_mutton":11,"minecraft:shulker_box":10,"minecraft:glass":2430,"minecraft:quartz_block":219,"minecraft:diamond_helmet":2,"minecraft:repeater":20,"minecraft:diamond_leggings":2,"minecraft:beacon":1,"minecraft:stone_pressure_plate":16,"minecraft:white_shulker_box":3,"minecraft:glass_bottle":3,"minecraft:redstone_lamp":1,"minecraft:target":1,"minecraft:emerald":744,"minecraft:cooked_porkchop":29,"minecraft:diamond_axe":2,"minecraft:acacia_slab":36,"minecraft:sticky_piston":84,"minecraft:fletching_table":14,"minecraft:polished_deepslate_slab":192,"minecraft:bamboo_planks":14,"minecraft:lectern":10,"minecraft:stone_slab":6,"minecraft:iron_pickaxe":1,"minecraft:iron_block":135,"minecraft:gold_ingot":18,"minecraft:composter":8,"minecraft:golden_carrot":18,"minecraft:stone_shovel":1,"minecraft:smooth_stone_slab":6,"minecraft:iron_nugget":189,"minecraft:crimson_trapdoor":2,"minecraft:diamond_hoe":1,"minecraft:acacia_fence_gate":17,"minecraft:bone_meal":2964,"minecraft:white_carpet":51,"minecraft:detector_rail":6,"minecraft:black_concrete_powder":8,"minecraft:stone_pickaxe":2,"minecraft:diamond_boots":1,"minecraft:quartz_slab":306,"minecraft:redstone_block":3,"minecraft:lead":4,"minecraft:wheat":1098,"minecraft:acacia_trapdoor":16,"minecraft:red_bed":33,"minecraft:polished_granite":24,"minecraft:acacia_stairs":32,"minecraft:glowstone":5,"minecraft:enchanted_book":15,"minecraft:golden_apple":1,"minecraft:acacia_sign":3,"minecraft:flint":50,"minecraft:chainmail_boots":11,"minecraft:fermented_spider_eye":1,"minecraft:oak_stairs":28,"minecraft:crimson_fence":102,"minecraft:iron_shovel":1,"minecraft:white_bed":16,"minecraft:note_block":6,"minecraft:grindstone":1,"minecraft:oak_planks":11311,"minecraft:barrel":18,"minecraft:quartz_bricks":64,"minecraft:crimson_sign":9,"minecraft:stone":638,"minecraft:heavy_weighted_pressure_plate":36,"minecraft:bamboo_block":7,"minecraft:cake":8,"minecraft:hopper":51,"minecraft:bow":15,"minecraft:iron_boots":18,"minecraft:comparator":25,"minecraft:chest":170,"minecraft:oak_button":5,"minecraft:rail":16,"minecraft:stone_hoe":1,"minecraft:ender_eye":12,"minecraft:stone_bricks":12,"minecraft:oak_fence":3,"minecraft:smoker":1,"minecraft:dropper":34,"minecraft:oak_slab":380,"minecraft:item_frame":1,"minecraft:arrow":32,"minecraft:crafting_table":14,"minecraft:wooden_pickaxe":1,"minecraft:baked_potato":291,"minecraft:chainmail_chestplate":8,"minecraft:red_wool":72,"minecraft:hopper_minecart":1,"minecraft:brewing_stand":1,"minecraft:dispenser":13,"minecraft:apple":36,"minecraft:book":11,"minecraft:iron_chestplate":2,"minecraft:paper":30,"minecraft:diamond_pickaxe":2,"minecraft:purple_dye":66,"minecraft:shield":2,"minecraft:stick":23077,"minecraft:iron_ingot":180,"minecraft:stone_sword":1,"minecraft:redstone_torch":204,"minecraft:shears":10,"minecraft:cookie":72,"minecraft:tripwire_hook":2,"minecraft:furnace":21,"minecraft:blast_furnace":1,"minecraft:piston":107,"minecraft:oak_trapdoor":6,"minecraft:flint_and_steel":2,"minecraft:white_concrete_powder":24,"minecraft:polished_deepslate":196,"minecraft:iron_axe":4,"minecraft:slime_ball":54,"minecraft:iron_hoe":2,"minecraft:cobblestone_wall":6,"minecraft:minecart":5,"minecraft:observer":25,"minecraft:cooked_beef":35,"minecraft:sugar":1,"minecraft:red_dye":119,"minecraft:crimson_planks":328,"minecraft:diamond_sword":2,"minecraft:iron_trapdoor":9,"minecraft:powered_rail":6,"minecraft:iron_sword":1,"minecraft:bucket":21,"minecraft:stone_axe":1,"minecraft:air":0,"minecraft:acacia_boat":7,"minecraft:bread":278,"minecraft:blue_dye":33,"minecraft:white_wool":3,"minecraft:gold_nugget":144,"minecraft:white_dye":7,"minecraft:anvil":1,"minecraft:acacia_planks":2652,"minecraft:torch":84,"minecraft:purple_concrete_powder":8,"minecraft:diamond_chestplate":1},"minecraft:killed":{"minecraft:shulker":37,"minecraft:skeleton":82,"minecraft:chicken":6,"minecraft:magma_cube":47,"minecraft:iron_golem":22,"minecraft:ender_dragon":1,"minecraft:zombie":136,"minecraft:cow":19,"minecraft:frog":1,"minecraft:enderman":26,"minecraft:spider":32,"minecraft:wither":1,"minecraft:silverfish":11,"minecraft:piglin":8,"minecraft:pig":15,"minecraft:zombie_villager":3,"minecraft:creeper":41,"minecraft:sheep":19,"minecraft:trader_llama":2,"minecraft:ghast":2,"minecraft:blaze":25,"minecraft:slime":285,"minecraft:drowned":5,"minecraft:hoglin":1,"minecraft:squid":1,"minecraft:wither_skeleton":39,"minecraft:villager":3},"minecraft:used":{"minecraft:dispenser":31,"minecraft:poppy":2,"minecraft:chest":90,"minecraft:stone":444,"minecraft:white_shulker_box":22,"minecraft:soul_sand":4,"minecraft:acacia_sapling":1,"minecraft:packed_ice":221,"minecraft:lava_bucket":23,"minecraft:grass_block":82,"minecraft:bow":36,"minecraft:oak_sapling":559,"minecraft:furnace":20,"minecraft:acacia_fence":4,"minecraft:egg":4,"minecraft:potato":248,"minecraft:dragon_head":1,"minecraft:emerald_ore":1,"minecraft:diorite":1,"minecraft:powered_rail":531,"minecraft:acacia_trapdoor":39,"minecraft:wooden_pickaxe":3,"minecraft:composter":28,"minecraft:sand":26,"minecraft:blast_furnace":7,"minecraft:black_concrete_powder":977,"minecraft:purple_concrete_powder":859,"minecraft:lectern":265,"minecraft:red_terracotta":33,"minecraft:polished_granite":18,"minecraft:oak_pressure_plate":4,"minecraft:diamond_sword":2191,"minecraft:oak_trapdoor":4,"minecraft:stone_sword":127,"minecraft:acacia_log":114,"minecraft:netherrack":152,"minecraft:orange_bed":2,"minecraft:torch":100,"minecraft:brewing_stand":2,"minecraft:anvil":1,"minecraft:target":1,"minecraft:glow_lichen":52,"minecraft:iron_block":174,"minecraft:iron_axe":892,"minecraft:slime_block":29,"minecraft:barrel":2,"minecraft:bamboo":142,"minecraft:diamond_chestplate":1,"minecraft:tripwire_hook":11,"minecraft:glowstone":5,"minecraft:iron_trapdoor":25,"minecraft:cobbled_deepslate":103,"minecraft:acacia_planks":259,"minecraft:observer":42,"minecraft:crimson_stem":14,"minecraft:wheat_seeds":862,"minecraft:water_bucket":278,"minecraft:lead":1,"minecraft:fletching_table":31,"minecraft:polished_deepslate_slab":210,"minecraft:tnt":1,"minecraft:rail":519,"minecraft:comparator":28,"minecraft:crimson_trapdoor":6,"minecraft:crafting_table":25,"minecraft:oak_slab":15,"minecraft:red_bed":112,"minecraft:white_bed":26,"minecraft:cake":6,"minecraft:oak_log":63,"minecraft:ender_eye":11,"minecraft:diamond_pickaxe":13826,"minecraft:diamond_shovel":2122,"minecraft:acacia_sign":4,"minecraft:oak_button":7,"minecraft:iron_pickaxe":281,"minecraft:purpur_slab":3,"minecraft:crimson_sign":8,"minecraft:cobblestone":1402,"minecraft:potion":2,"minecraft:cooked_porkchop":29,"minecraft:stripped_oak_log":68,"minecraft:diamond_leggings":1,"minecraft:polished_deepslate":101,"minecraft:iron_shovel":1265,"minecraft:diamond_hoe":674,"minecraft:oak_sign":22,"minecraft:white_concrete_powder":398,"minecraft:shield":66,"minecraft:iron_sword":133,"minecraft:bell":1,"minecraft:carrot":3387,"minecraft:tuff":58,"minecraft:obsidian":44,"minecraft:glass":2400,"minecraft:quartz_slab":120,"minecraft:warped_nylium":3,"minecraft:crimson_roots":2,"minecraft:hopper_minecart":3,"minecraft:stone_bricks":76,"minecraft:item_frame":5,"minecraft:repeater":44,"minecraft:redstone_lamp":1,"minecraft:magma_block":29,"minecraft:diamond_boots":1,"minecraft:wither_skeleton_skull":3,"minecraft:dropper":61,"minecraft:stripped_acacia_log":138,"minecraft:stone_pickaxe":58,"minecraft:oak_planks":115,"minecraft:ender_pearl":1,"minecraft:redstone_block":7,"minecraft:sugar_cane":20,"minecraft:diamond_axe":2503,"minecraft:white_wool":5,"minecraft:deepslate_redstone_ore":47,"minecraft:note_block":8,"minecraft:end_stone":40,"minecraft:shears":203,"minecraft:redstone_torch":107,"minecraft:sticky_piston":241,"minecraft:lever":24,"minecraft:black_concrete":8,"minecraft:acacia_door":8,"minecraft:heavy_weighted_pressure_plate":19,"minecraft:bread":4,"minecraft:string":48,"minecraft:iron_door":8,"minecraft:gravel":47,"minecraft:grindstone":2,"minecraft:andesite":1,"minecraft:chain":15,"minecraft:smooth_stone_slab":2,"minecraft:air":1,"minecraft:white_concrete":384,"minecraft:tropical_fish_bucket":1,"minecraft:bone_meal":585,"minecraft:oak_fence":1,"minecraft:purpur_block":14,"minecraft:crimson_fence":71,"minecraft:flint_and_steel":31,"minecraft:stone_shovel":143,"minecraft:redstone":397,"minecraft:stone_hoe":135,"minecraft:dirt":2197,"minecraft:white_carpet":142,"minecraft:hopper":87,"minecraft:cobblestone_wall":1,"minecraft:shulker_box":102,"minecraft:granite":21,"minecraft:iron_hoe":335,"minecraft:bookshelf":14,"minecraft:oak_stairs":38,"minecraft:acacia_slab":128,"minecraft:crimson_planks":155,"minecraft:golden_carrot":18,"minecraft:minecart":58,"minecraft:cooked_beef":35,"minecraft:quartz_bricks":1,"minecraft:cooked_mutton":11,"minecraft:acacia_boat":20,"minecraft:glass_bottle":4,"minecraft:baked_potato":258,"minecraft:beacon":1,"minecraft:warped_roots":2,"minecraft:red_mushroom":1,"minecraft:smoker":3,"minecraft:piston":32,"minecraft:acacia_stairs":115,"minecraft:detector_rail":5,"minecraft:acacia_fence_gate":23,"minecraft:stone_axe":108,"minecraft:bucket":351,"minecraft:splash_potion":1,"minecraft:smooth_stone":74}},"DataVersion":3465}