{"stats":{"minecraft:crafted":{"minecraft:smooth_stone":3,"minecraft:oak_planks":128,"minecraft:oak_sign":9,"minecraft:melon":5,"minecraft:blaze_powder":14,"minecraft:slime_block":6,"minecraft:stone":560,"minecraft:diamond_shovel":1,"minecraft:lever":2,"minecraft:bookshelf":1,"minecraft:shulker_box":10,"minecraft:cooked_mutton":11,"minecraft:bamboo_block":7,"minecraft:cake":8,"minecraft:glass":1344,"minecraft:hopper":4,"minecraft:diamond_helmet":1,"minecraft:repeater":3,"minecraft:bow":12,"minecraft:diamond_leggings":1,"minecraft:chest":56,"minecraft:oak_button":1,"minecraft:stone_hoe":1,"minecraft:ender_eye":12,"minecraft:stone_bricks":12,"minecraft:smoker":1,"minecraft:emerald":118,"minecraft:arrow":32,"minecraft:cooked_porkchop":29,"minecraft:diamond_axe":1,"minecraft:crafting_table":7,"minecraft:acacia_slab":12,"minecraft:wooden_pickaxe":1,"minecraft:baked_potato":134,"minecraft:sticky_piston":2,"minecraft:fletching_table":4,"minecraft:apple":36,"minecraft:bamboo_planks":14,"minecraft:lectern":1,"minecraft:book":11,"minecraft:paper":30,"minecraft:diamond_pickaxe":1,"minecraft:shield":1,"minecraft:stick":3016,"minecraft:iron_ingot":52,"minecraft:iron_pickaxe":1,"minecraft:iron_block":3,"minecraft:stone_sword":1,"minecraft:redstone_torch":9,"minecraft:shears":1,"minecraft:cookie":72,"minecraft:stone_shovel":1,"minecraft:tripwire_hook":2,"minecraft:diamond_hoe":1,"minecraft:furnace":21,"minecraft:acacia_fence_gate":17,"minecraft:blast_furnace":1,"minecraft:piston":2,"minecraft:bone_meal":627,"minecraft:flint_and_steel":2,"minecraft:polished_deepslate":144,"minecraft:iron_axe":2,"minecraft:iron_hoe":2,"minecraft:stone_pickaxe":2,"minecraft:diamond_boots":1,"minecraft:wheat":1062,"minecraft:cooked_beef":35,"minecraft:red_dye":3,"minecraft:diamond_sword":1,"minecraft:acacia_trapdoor":16,"minecraft:red_bed":3,"minecraft:polished_granite":24,"minecraft:bucket":14,"minecraft:acacia_stairs":32,"minecraft:stone_axe":1,"minecraft:glowstone":5,"minecraft:enchanted_book":1,"minecraft:bread":278,"minecraft:acacia_boat":4,"minecraft:air":0,"minecraft:iron_shovel":1,"minecraft:anvil":1,"minecraft:white_bed":2,"minecraft:acacia_planks":1760,"minecraft:torch":84,"minecraft:diamond_chestplate":1},"minecraft:custom":{"minecraft:interact_with_crafting_table":96,"minecraft:open_shulker_box":22,"minecraft:bell_ring":26,"minecraft:eat_cake_slice":1,"minecraft:leave_game":38,"minecraft:time_since_death":449001,"minecraft:sprint_one_cm":1809119,"minecraft:damage_blocked_by_shield":2265,"minecraft:drop":131,"minecraft:talked_to_villager":122,"minecraft:play_time":820113,"minecraft:deaths":4,"minecraft:jump":9375,"minecraft:interact_with_brewingstand":1,"minecraft:walk_on_water_one_cm":81247,"minecraft:interact_with_furnace":231,"minecraft:traded_with_villager":154,"minecraft:sleep_in_bed":34,"minecraft:open_enderchest":9,"minecraft:damage_dealt":65437,"minecraft:crouch_one_cm":188883,"minecraft:interact_with_smoker":34,"minecraft:interact_with_anvil":4,"minecraft:mob_kills":456,"minecraft:inspect_hopper":4,"minecraft:climb_one_cm":8946,"minecraft:walk_one_cm":2206762,"minecraft:sneak_time":54528,"minecraft:walk_under_water_one_cm":77721,"minecraft:boat_one_cm":23002,"minecraft:interact_with_blast_furnace":16,"minecraft:total_world_time":820113,"minecraft:time_since_rest":27772,"minecraft:damage_taken":6539,"minecraft:swim_one_cm":39444,"minecraft:fly_one_cm":9287960,"minecraft:open_chest":352,"minecraft:aviate_one_cm":1102142,"minecraft:fall_one_cm":344643},"minecraft:broken":{"minecraft:iron_shovel":1,"minecraft:stone_shovel":1,"minecraft:iron_hoe":1,"minecraft:stone_hoe":1,"minecraft:iron_axe":1,"minecraft:iron_pickaxe":1},"minecraft:killed_by":{"minecraft:enderman":1,"minecraft:ender_dragon":1},"minecraft:picked_up":{"minecraft:shulker_shell":20,"minecraft:wheat":419,"minecraft:nether_brick_fence":1,"minecraft:sentry_armor_trim_smithing_template":2,"minecraft:diamond_sword":3,"minecraft:enchanted_book":3,"minecraft:stone_brick_stairs":8,"minecraft:brewing_stand":2,"minecraft:polished_deepslate":5,"minecraft:string":44,"minecraft:raw_copper":35,"minecraft:cooked_salmon":2,"minecraft:sticky_piston":7,"minecraft:oak_sign":10,"minecraft:diamond_leggings":3,"minecraft:cobbled_deepslate":273,"minecraft:bucket":1,"minecraft:eye_armor_trim_smithing_template":9,"minecraft:acacia_fence_gate":7,"minecraft:ender_eye":1,"minecraft:iron_pickaxe":1,"minecraft:melon_slice":51,"minecraft:furnace":1,"minecraft:stick":86,"minecraft:acacia_fence":14,"minecraft:composter":22,"minecraft:torch":60,"minecraft:acacia_log":478,"minecraft:purpur_pillar":10,"minecraft:porkchop":29,"minecraft:diorite":11,"minecraft:orange_bed":3,"minecraft:stone_sword":1,"minecraft:cactus":8,"minecraft:rotten_flesh":29,"minecraft:blaze_rod":13,"minecraft:obsidian":138,"minecraft:blaze_powder":2,"minecraft:cobblestone":1618,"minecraft:cooked_beef":54,"minecraft:andesite":72,"minecraft:iron_door":6,"minecraft:water_bucket":4,"minecraft:jungle_log":2,"minecraft:smoker":2,"minecraft:potato":528,"minecraft:flint":12,"minecraft:tuff":55,"minecraft:acacia_boat":6,"minecraft:wither_skeleton_skull":3,"minecraft:dirt":1637,"minecraft:polished_granite":3,"minecraft:bone":38,"minecraft:acacia_planks":209,"minecraft:stonecutter":1,"minecraft:bow":3,"minecraft:wheat_seeds":1727,"minecraft:grindstone":1,"minecraft:mossy_stone_bricks":8,"minecraft:fletching_table":11,"minecraft:diamond_helmet":2,"minecraft:glowstone_dust":20,"minecraft:bamboo":1598,"minecraft:oak_planks":3,"minecraft:poisonous_potato":3,"minecraft:sand":3386,"minecraft:melon":1,"minecraft:acacia_stairs":78,"minecraft:shulker_box":30,"minecraft:barrel":3,"minecraft:mossy_cobblestone":12,"minecraft:iron_hoe":3,"minecraft:diamond":48,"minecraft:slime_block":6,"minecraft:lever":7,"minecraft:granite":64,"minecraft:bone_meal":15,"minecraft:emerald":55,"minecraft:bread":128,"minecraft:oak_sapling":4,"minecraft:netherrack":27,"minecraft:crimson_roots":2,"minecraft:diamond_pickaxe":3,"minecraft:end_stone_bricks":16,"minecraft:cocoa_beans":6,"minecraft:crafting_table":16,"minecraft:brown_mushroom":23,"minecraft:wooden_pickaxe":1,"minecraft:gold_block":2,"minecraft:dragon_head":1,"minecraft:purpur_block":26,"minecraft:shield":4,"minecraft:red_bed":36,"minecraft:elytra":2,"minecraft:iron_axe":2,"minecraft:acacia_door":2,"minecraft:flint_and_steel":1,"minecraft:iron_shovel":2,"minecraft:cracked_stone_bricks":3,"minecraft:cartography_table":2,"minecraft:beef":45,"minecraft:poppy":12,"minecraft:lectern":31,"minecraft:chest":41,"minecraft:sugar_cane":256,"minecraft:egg":3,"minecraft:raw_iron":72,"minecraft:cake":2,"minecraft:cookie":72,"minecraft:carrot":1777,"minecraft:redstone":90,"minecraft:prismarine_crystals":4,"minecraft:tnt":2,"minecraft:arrow":38,"minecraft:diamond_chestplate":2,"minecraft:cooked_cod":3,"minecraft:beetroot_seeds":10,"minecraft:nether_bricks":1,"minecraft:shears":1,"minecraft:diamond_boots":3,"minecraft:purpur_slab":9,"minecraft:hay_block":118,"minecraft:gold_ingot":23,"minecraft:mutton":16,"minecraft:bone_block":118,"minecraft:white_wool":10,"minecraft:tripwire_hook":11,"minecraft:leather":27,"minecraft:red_mushroom":22,"minecraft:acacia_wood":60,"minecraft:filled_map":1,"minecraft:purpur_stairs":1,"minecraft:oak_log":36,"minecraft:lily_pad":1,"minecraft:gunpowder":2,"minecraft:paper":2,"minecraft:orange_terracotta":62,"minecraft:cooked_mutton":6,"minecraft:stone_bricks":67,"minecraft:apple":41,"minecraft:kelp":14,"minecraft:acacia_trapdoor":18,"minecraft:wild_armor_trim_smithing_template":4,"minecraft:heart_of_the_sea":1,"minecraft:iron_ingot":98,"minecraft:glass_bottle":3,"minecraft:acacia_sapling":9,"minecraft:book":775,"minecraft:warped_fungus":1,"minecraft:pumpkin":26,"minecraft:dandelion":5,"minecraft:gravel":104,"minecraft:blast_furnace":3,"minecraft:white_bed":3,"minecraft:mossy_stone_brick_slab":1,"minecraft:spider_eye":4,"minecraft:diamond_shovel":2,"minecraft:slime_ball":96,"minecraft:diamond_axe":4,"minecraft:warped_roots":12,"minecraft:oak_button":1,"minecraft:brown_banner":15,"minecraft:acacia_slab":41,"minecraft:melon_seeds":22,"minecraft:warped_nylium":6,"minecraft:mangrove_propagule":1,"minecraft:coal":234,"minecraft:hopper":4,"minecraft:ender_pearl":12},"minecraft:dropped":{"minecraft:warped_fungus":1,"minecraft:glass_bottle":2,"minecraft:warped_roots":10,"minecraft:cracked_stone_bricks":3,"minecraft:purpur_stairs":1,"minecraft:dirt":59,"minecraft:bone":6,"minecraft:gravel":7,"minecraft:wheat":38,"minecraft:rotten_flesh":4,"minecraft:nether_brick_fence":1,"minecraft:carrot":883,"minecraft:poppy":4,"minecraft:gunpowder":2,"minecraft:melon_seeds":3,"minecraft:jungle_log":2,"minecraft:arrow":4,"minecraft:end_stone_bricks":10,"minecraft:netherrack":8,"minecraft:water_bucket":1,"minecraft:bread":410,"minecraft:wheat_seeds":37,"minecraft:poisonous_potato":2,"minecraft:cobblestone":113,"minecraft:apple":5,"minecraft:diorite":2,"minecraft:iron_door":1,"minecraft:iron_axe":1,"minecraft:string":3,"minecraft:bucket":1,"minecraft:warped_nylium":3,"minecraft:raw_copper":4,"minecraft:nether_bricks":1,"minecraft:oak_button":1,"minecraft:mossy_stone_bricks":7,"minecraft:oak_sapling":3,"minecraft:spider_eye":3,"minecraft:diamond_boots":1,"minecraft:bow":2},"minecraft:killed":{"minecraft:spider":14,"minecraft:shulker":37,"minecraft:skeleton":36,"minecraft:chicken":3,"minecraft:silverfish":11,"minecraft:magma_cube":9,"minecraft:piglin":2,"minecraft:pig":15,"minecraft:zombie_villager":3,"minecraft:iron_golem":3,"minecraft:ender_dragon":1,"minecraft:creeper":13,"minecraft:sheep":16,"minecraft:zombie":48,"minecraft:ghast":1,"minecraft:blaze":17,"minecraft:cow":19,"minecraft:slime":152,"minecraft:drowned":4,"minecraft:wither_skeleton":16,"minecraft:enderman":25},"minecraft:used":{"minecraft:polished_deepslate":101,"minecraft:iron_shovel":1020,"minecraft:poppy":2,"minecraft:diamond_hoe":23,"minecraft:oak_sign":22,"minecraft:shield":28,"minecraft:chest":32,"minecraft:stone":305,"minecraft:carrot":978,"minecraft:acacia_sapling":1,"minecraft:tuff":53,"minecraft:obsidian":40,"minecraft:glass":1152,"minecraft:lava_bucket":12,"minecraft:warped_nylium":3,"minecraft:crimson_roots":2,"minecraft:stone_bricks":76,"minecraft:repeater":3,"minecraft:bow":36,"minecraft:oak_sapling":1,"minecraft:furnace":20,"minecraft:acacia_fence":4,"minecraft:potato":248,"minecraft:dragon_head":1,"minecraft:diorite":1,"minecraft:diamond_boots":1,"minecraft:stone_pickaxe":58,"minecraft:acacia_trapdoor":31,"minecraft:oak_planks":8,"minecraft:ender_pearl":1,"minecraft:wooden_pickaxe":3,"minecraft:composter":18,"minecraft:sugar_cane":17,"minecraft:diamond_axe":1067,"minecraft:sand":24,"minecraft:blast_furnace":4,"minecraft:shears":6,"minecraft:redstone_torch":4,"minecraft:sticky_piston":6,"minecraft:lever":8,"minecraft:string":29,"minecraft:bread":4,"minecraft:lectern":32,"minecraft:polished_granite":18,"minecraft:iron_door":5,"minecraft:gravel":41,"minecraft:diamond_sword":1109,"minecraft:tropical_fish_bucket":1,"minecraft:bone_meal":583,"minecraft:purpur_block":14,"minecraft:stone_sword":127,"minecraft:acacia_log":20,"minecraft:flint_and_steel":31,"minecraft:stone_shovel":143,"minecraft:redstone":13,"minecraft:stone_hoe":135,"minecraft:netherrack":11,"minecraft:orange_bed":1,"minecraft:anvil":1,"minecraft:torch":86,"minecraft:brewing_stand":1,"minecraft:dirt":1129,"minecraft:hopper":7,"minecraft:shulker_box":12,"minecraft:granite":21,"minecraft:iron_hoe":323,"minecraft:iron_axe":391,"minecraft:slime_block":12,"minecraft:acacia_slab":38,"minecraft:bamboo":142,"minecraft:diamond_chestplate":1,"minecraft:tripwire_hook":11,"minecraft:glowstone":5,"minecraft:cooked_beef":35,"minecraft:cobbled_deepslate":15,"minecraft:acacia_planks":165,"minecraft:wheat_seeds":862,"minecraft:cooked_mutton":11,"minecraft:acacia_boat":10,"minecraft:water_bucket":82,"minecraft:baked_potato":40,"minecraft:fletching_table":15,"minecraft:warped_roots":2,"minecraft:red_mushroom":1,"minecraft:crafting_table":15,"minecraft:red_bed":37,"minecraft:white_bed":4,"minecraft:cake":6,"minecraft:smoker":3,"minecraft:ender_eye":11,"minecraft:acacia_stairs":93,"minecraft:diamond_pickaxe":3281,"minecraft:diamond_shovel":925,"minecraft:oak_button":1,"minecraft:iron_pickaxe":281,"minecraft:purpur_slab":3,"minecraft:acacia_fence_gate":23,"minecraft:stone_axe":108,"minecraft:cobblestone":279,"minecraft:potion":1,"minecraft:cooked_porkchop":29,"minecraft:bucket":122,"minecraft:diamond_leggings":1},"minecraft:mined":{"minecraft:dragon_wall_head":1,"minecraft:spruce_planks":10,"minecraft:white_bed":3,"minecraft:farmland":45,"minecraft:mossy_stone_brick_slab":1,"minecraft:jungle_leaves":3,"minecraft:brewing_stand":2,"minecraft:obsidian":42,"minecraft:granite":65,"minecraft:acacia_log":422,"minecraft:grass_block":786,"minecraft:purpur_slab":5,"minecraft:composter":22,"minecraft:hopper":4,"minecraft:oak_wall_sign":12,"minecraft:chiseled_stone_bricks":3,"minecraft:spawner":1,"minecraft:magma_block":3,"minecraft:glowstone":6,"minecraft:iron_ore":54,"minecraft:barrel":3,"minecraft:cobbled_deepslate":3,"minecraft:sticky_piston":4,"minecraft:fire":24,"minecraft:pumpkin":12,"minecraft:fletching_table":11,"minecraft:dirt_path":162,"minecraft:iron_bars":12,"minecraft:end_stone_bricks":16,"minecraft:orange_bed":3,"minecraft:tripwire":20,"minecraft:deepslate_redstone_ore":16,"minecraft:red_bed":34,"minecraft:kelp_plant":1,"minecraft:melon_stem":3,"minecraft:smoker":2,"minecraft:orange_terracotta":31,"minecraft:purpur_stairs":1,"minecraft:torch":16,"minecraft:blast_furnace":3,"minecraft:poppy":5,"minecraft:melon":9,"minecraft:chest":12,"minecraft:mushroom_stem":14,"minecraft:glass":20,"minecraft:nether_quartz_ore":1,"minecraft:cobblestone":80,"minecraft:slime_block":6,"minecraft:oak_planks":3,"minecraft:sugar_cane":153,"minecraft:grindstone":1,"minecraft:iron_door":9,"minecraft:wall_torch":11,"minecraft:repeater":1,"minecraft:warped_nylium":2,"minecraft:nether_wart_block":2,"minecraft:wheat":717,"minecraft:purpur_block":27,"minecraft:stone_brick_stairs":8,"minecraft:grass":528,"minecraft:infested_mossy_stone_bricks":1,"minecraft:oak_log":36,"minecraft:beetroots":5,"minecraft:acacia_fence":12,"minecraft:sand":569,"minecraft:dirt":522,"minecraft:tripwire_hook":9,"minecraft:red_mushroom_block":90,"minecraft:stonecutter":1,"minecraft:netherrack":575,"minecraft:oak_leaves":15,"minecraft:deepslate":214,"minecraft:tuff":58,"minecraft:mossy_cobblestone":6,"minecraft:deepslate_diamond_ore":41,"minecraft:end_stone":6,"minecraft:shulker_box":10,"minecraft:lever":5,"minecraft:glow_lichen":1,"minecraft:nether_bricks":1,"minecraft:jungle_planks":3,"minecraft:crimson_roots":2,"minecraft:redstone_wire":6,"minecraft:brown_mushroom_block":45,"minecraft:acacia_slab":29,"minecraft:kelp":5,"minecraft:cartography_table":2,"minecraft:mangrove_propagule":2,"minecraft:hay_block":118,"minecraft:furnace":1,"minecraft:carrots":676,"minecraft:acacia_trapdoor":16,"minecraft:nether_sprouts":1,"minecraft:acacia_wood":52,"minecraft:acacia_stairs":79,"minecraft:andesite":73,"minecraft:gold_block":2,"minecraft:nether_brick_fence":1,"minecraft:polished_deepslate":5,"minecraft:bookshelf":135,"minecraft:potatoes":235,"minecraft:deepslate_iron_ore":12,"minecraft:bamboo":149,"minecraft:stone":1592,"minecraft:bone_block":92,"minecraft:ender_chest":3,"minecraft:redstone_wall_torch":2,"minecraft:acacia_leaves":61,"minecraft:glass_pane":10,"minecraft:infested_stone_bricks":10,"minecraft:dandelion":3,"minecraft:polished_granite":3,"minecraft:oak_fence":2,"minecraft:crafting_table":12,"minecraft:warped_roots":2,"minecraft:rose_bush":1,"minecraft:lectern":31,"minecraft:copper_ore":5,"minecraft:purpur_pillar":6,"minecraft:tall_grass":48,"minecraft:deepslate_gold_ore":1,"minecraft:lily_pad":1,"minecraft:sculk":1,"minecraft:diorite":18,"minecraft:spruce_stairs":2,"minecraft:cactus":3,"minecraft:acacia_fence_gate":6,"minecraft:coal_ore":132,"minecraft:cocoa":1,"minecraft:gravel":87,"minecraft:acacia_door":1,"minecraft:cobweb":3,"minecraft:cracked_stone_bricks":30,"minecraft:acacia_planks":159,"minecraft:oak_button":1,"minecraft:stone_bricks":77,"minecraft:mossy_stone_bricks":40,"minecraft:fern":5}},"DataVersion":3465}