{"stats":{"minecraft:dropped":{"minecraft:bread":307,"minecraft:iron_axe":1,"minecraft:bucket":1,"minecraft:wheat":34,"minecraft:poppy":3},"minecraft:custom":{"minecraft:mob_kills":35,"minecraft:interact_with_crafting_table":37,"minecraft:bell_ring":6,"minecraft:leave_game":7,"minecraft:time_since_death":163188,"minecraft:sprint_one_cm":411104,"minecraft:walk_one_cm":407159,"minecraft:drop":10,"minecraft:talked_to_villager":39,"minecraft:play_time":163188,"minecraft:sneak_time":22635,"minecraft:walk_under_water_one_cm":5711,"minecraft:jump":2585,"minecraft:interact_with_blast_furnace":2,"minecraft:walk_on_water_one_cm":46857,"minecraft:total_world_time":163188,"minecraft:interact_with_furnace":11,"minecraft:traded_with_villager":66,"minecraft:sleep_in_bed":11,"minecraft:time_since_rest":1167,"minecraft:damage_taken":1029,"minecraft:damage_dealt":5442,"minecraft:swim_one_cm":11246,"minecraft:fly_one_cm":504728,"minecraft:open_chest":45,"minecraft:crouch_one_cm":90067,"minecraft:interact_with_smoker":15,"minecraft:fall_one_cm":59934},"minecraft:crafted":{"minecraft:smooth_stone":3,"minecraft:oak_planks":24,"minecraft:stone_shovel":1,"minecraft:tripwire_hook":2,"minecraft:furnace":3,"minecraft:acacia_fence_gate":9,"minecraft:blast_furnace":1,"minecraft:stone":3,"minecraft:lever":1,"minecraft:diamond_shovel":1,"minecraft:cooked_mutton":11,"minecraft:hopper":1,"minecraft:diamond_helmet":1,"minecraft:diamond_leggings":1,"minecraft:bow":12,"minecraft:iron_axe":2,"minecraft:iron_hoe":1,"minecraft:stone_pickaxe":2,"minecraft:chest":15,"minecraft:diamond_boots":1,"minecraft:stone_hoe":1,"minecraft:smoker":1,"minecraft:wheat":540,"minecraft:cooked_beef":4,"minecraft:red_dye":3,"minecraft:diamond_sword":1,"minecraft:emerald":54,"minecraft:cooked_porkchop":29,"minecraft:diamond_axe":1,"minecraft:crafting_table":2,"minecraft:wooden_pickaxe":1,"minecraft:acacia_trapdoor":2,"minecraft:red_bed":3,"minecraft:fletching_table":3,"minecraft:stone_axe":1,"minecraft:bread":191,"minecraft:air":0,"minecraft:diamond_pickaxe":1,"minecraft:stick":1796,"minecraft:iron_ingot":30,"minecraft:iron_pickaxe":1,"minecraft:stone_sword":1,"minecraft:iron_shovel":1,"minecraft:white_bed":1,"minecraft:acacia_planks":1068,"minecraft:torch":20,"minecraft:shears":1,"minecraft:diamond_chestplate":1},"minecraft:picked_up":{"minecraft:crafting_table":6,"minecraft:wheat":69,"minecraft:brewing_stand":1,"minecraft:red_bed":3,"minecraft:string":34,"minecraft:raw_copper":9,"minecraft:iron_axe":1,"minecraft:cartography_table":2,"minecraft:cobbled_deepslate":200,"minecraft:bucket":1,"minecraft:beef":14,"minecraft:acacia_fence_gate":2,"minecraft:poppy":7,"minecraft:sugar_cane":48,"minecraft:chest":3,"minecraft:egg":1,"minecraft:stick":6,"minecraft:raw_iron":50,"minecraft:acacia_fence":6,"minecraft:composter":4,"minecraft:torch":13,"minecraft:acacia_log":237,"minecraft:porkchop":29,"minecraft:diorite":8,"minecraft:redstone":75,"minecraft:orange_bed":3,"minecraft:arrow":1,"minecraft:rotten_flesh":4,"minecraft:hay_block":60,"minecraft:mutton":11,"minecraft:cobblestone":159,"minecraft:white_wool":7,"minecraft:tripwire_hook":11,"minecraft:leather":6,"minecraft:smoker":1,"minecraft:acacia_wood":38,"minecraft:flint":7,"minecraft:tuff":51,"minecraft:oak_log":10,"minecraft:dirt":551,"minecraft:bone":2,"minecraft:acacia_planks":109,"minecraft:stonecutter":1,"minecraft:wheat_seeds":151,"minecraft:acacia_trapdoor":10,"minecraft:grindstone":1,"minecraft:iron_ingot":7,"minecraft:fletching_table":3,"minecraft:acacia_sapling":9,"minecraft:dandelion":5,"minecraft:gravel":38,"minecraft:white_bed":3,"minecraft:acacia_stairs":3,"minecraft:barrel":3,"minecraft:diamond":41,"minecraft:lever":6,"minecraft:granite":17,"minecraft:bread":116,"minecraft:brown_banner":11,"minecraft:melon_seeds":7,"minecraft:coal":56,"minecraft:hopper":1},"minecraft:killed":{"minecraft:spider":2,"minecraft:skeleton":1,"minecraft:pig":13,"minecraft:iron_golem":2,"minecraft:creeper":3,"minecraft:sheep":7,"minecraft:zombie":1,"minecraft:cow":5},"minecraft:broken":{"minecraft:iron_shovel":1,"minecraft:stone_hoe":1,"minecraft:iron_axe":1,"minecraft:iron_pickaxe":1,"minecraft:stone_shovel":1},"minecraft:used":{"minecraft:stone_sword":127,"minecraft:iron_shovel":258,"minecraft:acacia_log":8,"minecraft:stone_shovel":143,"minecraft:chest":6,"minecraft:stone_hoe":135,"minecraft:orange_bed":1,"minecraft:torch":9,"minecraft:dirt":532,"minecraft:hopper":1,"minecraft:acacia_sapling":1,"minecraft:iron_hoe":58,"minecraft:iron_axe":391,"minecraft:tripwire_hook":11,"minecraft:furnace":1,"minecraft:cobbled_deepslate":13,"minecraft:acacia_planks":109,"minecraft:wheat_seeds":128,"minecraft:cooked_mutton":5,"minecraft:water_bucket":43,"minecraft:acacia_trapdoor":10,"minecraft:stone_pickaxe":58,"minecraft:wooden_pickaxe":3,"minecraft:fletching_table":6,"minecraft:sugar_cane":16,"minecraft:crafting_table":7,"minecraft:red_bed":6,"minecraft:blast_furnace":1,"minecraft:white_bed":3,"minecraft:shears":6,"minecraft:smoker":2,"minecraft:lever":6,"minecraft:diamond_pickaxe":299,"minecraft:diamond_shovel":161,"minecraft:bread":4,"minecraft:string":29,"minecraft:iron_pickaxe":250,"minecraft:gravel":38,"minecraft:acacia_fence_gate":4,"minecraft:stone_axe":108,"minecraft:cobblestone":4,"minecraft:cooked_porkchop":15,"minecraft:bucket":43},"minecraft:mined":{"minecraft:tuff":52,"minecraft:white_bed":3,"minecraft:farmland":4,"minecraft:deepslate_diamond_ore":41,"minecraft:brewing_stand":1,"minecraft:granite":17,"minecraft:glow_lichen":1,"minecraft:lever":4,"minecraft:acacia_log":246,"minecraft:grass_block":310,"minecraft:cartography_table":2,"minecraft:composter":4,"minecraft:hopper":1,"minecraft:hay_block":60,"minecraft:acacia_trapdoor":10,"minecraft:cobbled_deepslate":1,"minecraft:iron_ore":44,"minecraft:barrel":3,"minecraft:acacia_wood":40,"minecraft:acacia_stairs":3,"minecraft:fletching_table":3,"minecraft:deepslate_iron_ore":6,"minecraft:dirt_path":122,"minecraft:stone":155,"minecraft:tripwire":19,"minecraft:orange_bed":3,"minecraft:deepslate_redstone_ore":16,"minecraft:acacia_leaves":37,"minecraft:glass_pane":5,"minecraft:red_bed":3,"minecraft:melon_stem":2,"minecraft:smoker":1,"minecraft:dandelion":3,"minecraft:crafting_table":6,"minecraft:torch":4,"minecraft:poppy":3,"minecraft:chest":3,"minecraft:tall_grass":18,"minecraft:copper_ore":2,"minecraft:cobblestone":4,"minecraft:grindstone":1,"minecraft:sugar_cane":32,"minecraft:sculk":1,"minecraft:diorite":8,"minecraft:wall_torch":2,"minecraft:acacia_fence_gate":2,"minecraft:wheat":50,"minecraft:grass":126,"minecraft:oak_log":10,"minecraft:coal_ore":56,"minecraft:acacia_fence":6,"minecraft:gravel":45,"minecraft:dirt":117,"minecraft:acacia_planks":109,"minecraft:tripwire_hook":8,"minecraft:stonecutter":1,"minecraft:oak_leaves":4,"minecraft:deepslate":202}},"DataVersion":3465}