{"stats":{"minecraft:crafted":{"minecraft:oak_planks":80,"minecraft:smooth_stone":3,"minecraft:oak_sign":9,"minecraft:melon":5,"minecraft:blaze_powder":14,"minecraft:stone":516,"minecraft:lever":1,"minecraft:diamond_shovel":1,"minecraft:bookshelf":1,"minecraft:shulker_box":10,"minecraft:cooked_mutton":11,"minecraft:bamboo_block":7,"minecraft:cake":8,"minecraft:glass":448,"minecraft:hopper":1,"minecraft:diamond_helmet":1,"minecraft:bow":12,"minecraft:diamond_leggings":1,"minecraft:chest":47,"minecraft:oak_button":1,"minecraft:stone_hoe":1,"minecraft:ender_eye":12,"minecraft:smoker":1,"minecraft:emerald":118,"minecraft:arrow":32,"minecraft:cooked_porkchop":29,"minecraft:diamond_axe":1,"minecraft:crafting_table":6,"minecraft:acacia_slab":12,"minecraft:wooden_pickaxe":1,"minecraft:baked_potato":79,"minecraft:fletching_table":4,"minecraft:apple":36,"minecraft:bamboo_planks":14,"minecraft:lectern":1,"minecraft:book":11,"minecraft:paper":30,"minecraft:diamond_pickaxe":1,"minecraft:shield":1,"minecraft:stick":3016,"minecraft:iron_ingot":31,"minecraft:iron_pickaxe":1,"minecraft:iron_block":3,"minecraft:stone_sword":1,"minecraft:shears":1,"minecraft:cookie":72,"minecraft:stone_shovel":1,"minecraft:tripwire_hook":2,"minecraft:diamond_hoe":1,"minecraft:furnace":20,"minecraft:acacia_fence_gate":9,"minecraft:blast_furnace":1,"minecraft:bone_meal":627,"minecraft:flint_and_steel":2,"minecraft:polished_deepslate":144,"minecraft:iron_axe":2,"minecraft:iron_hoe":2,"minecraft:stone_pickaxe":2,"minecraft:diamond_boots":1,"minecraft:wheat":1062,"minecraft:cooked_beef":35,"minecraft:red_dye":3,"minecraft:diamond_sword":1,"minecraft:acacia_trapdoor":2,"minecraft:red_bed":3,"minecraft:acacia_stairs":32,"minecraft:bucket":8,"minecraft:stone_axe":1,"minecraft:glowstone":5,"minecraft:enchanted_book":1,"minecraft:acacia_boat":1,"minecraft:bread":278,"minecraft:air":0,"minecraft:iron_shovel":1,"minecraft:anvil":1,"minecraft:white_bed":2,"minecraft:acacia_planks":1656,"minecraft:torch":84,"minecraft:diamond_chestplate":1},"minecraft:custom":{"minecraft:interact_with_crafting_table":71,"minecraft:open_shulker_box":8,"minecraft:bell_ring":25,"minecraft:eat_cake_slice":1,"minecraft:leave_game":36,"minecraft:time_since_death":317413,"minecraft:sprint_one_cm":1634512,"minecraft:damage_blocked_by_shield":2265,"minecraft:drop":80,"minecraft:talked_to_villager":121,"minecraft:play_time":688508,"minecraft:deaths":4,"minecraft:jump":8083,"minecraft:interact_with_brewingstand":1,"minecraft:walk_on_water_one_cm":80637,"minecraft:interact_with_furnace":130,"minecraft:traded_with_villager":154,"minecraft:sleep_in_bed":31,"minecraft:open_enderchest":9,"minecraft:damage_dealt":60847,"minecraft:crouch_one_cm":164584,"minecraft:interact_with_smoker":32,"minecraft:interact_with_anvil":4,"minecraft:mob_kills":436,"minecraft:climb_one_cm":8646,"minecraft:walk_one_cm":1942149,"minecraft:sneak_time":45748,"minecraft:walk_under_water_one_cm":76205,"minecraft:boat_one_cm":14721,"minecraft:interact_with_blast_furnace":12,"minecraft:total_world_time":688508,"minecraft:time_since_rest":108754,"minecraft:damage_taken":5917,"minecraft:swim_one_cm":39444,"minecraft:fly_one_cm":8065654,"minecraft:open_chest":295,"minecraft:aviate_one_cm":1102142,"minecraft:fall_one_cm":294116},"minecraft:broken":{"minecraft:iron_shovel":1,"minecraft:stone_shovel":1,"minecraft:iron_hoe":1,"minecraft:stone_hoe":1,"minecraft:iron_axe":1,"minecraft:iron_pickaxe":1},"minecraft:killed_by":{"minecraft:enderman":1,"minecraft:ender_dragon":1},"minecraft:picked_up":{"minecraft:shulker_shell":20,"minecraft:wheat":419,"minecraft:nether_brick_fence":1,"minecraft:sentry_armor_trim_smithing_template":2,"minecraft:diamond_sword":3,"minecraft:enchanted_book":3,"minecraft:stone_brick_stairs":8,"minecraft:brewing_stand":2,"minecraft:polished_deepslate":5,"minecraft:string":39,"minecraft:raw_copper":35,"minecraft:cooked_salmon":2,"minecraft:sticky_piston":6,"minecraft:oak_sign":10,"minecraft:diamond_leggings":3,"minecraft:cobbled_deepslate":261,"minecraft:bucket":1,"minecraft:eye_armor_trim_smithing_template":9,"minecraft:acacia_fence_gate":5,"minecraft:ender_eye":1,"minecraft:iron_pickaxe":1,"minecraft:melon_slice":51,"minecraft:furnace":1,"minecraft:stick":86,"minecraft:acacia_fence":14,"minecraft:composter":18,"minecraft:torch":55,"minecraft:purpur_pillar":10,"minecraft:acacia_log":452,"minecraft:porkchop":29,"minecraft:diorite":11,"minecraft:orange_bed":3,"minecraft:stone_sword":1,"minecraft:cactus":8,"minecraft:rotten_flesh":28,"minecraft:blaze_rod":13,"minecraft:obsidian":124,"minecraft:blaze_powder":2,"minecraft:cobblestone":1479,"minecraft:cooked_beef":54,"minecraft:andesite":44,"minecraft:iron_door":6,"minecraft:water_bucket":4,"minecraft:jungle_log":2,"minecraft:smoker":2,"minecraft:potato":527,"minecraft:flint":12,"minecraft:tuff":51,"minecraft:acacia_boat":5,"minecraft:wither_skeleton_skull":3,"minecraft:dirt":1540,"minecraft:bone":33,"minecraft:acacia_planks":205,"minecraft:stonecutter":1,"minecraft:bow":2,"minecraft:wheat_seeds":1727,"minecraft:grindstone":1,"minecraft:mossy_stone_bricks":7,"minecraft:glowstone_dust":20,"minecraft:fletching_table":11,"minecraft:diamond_helmet":2,"minecraft:bamboo":1598,"minecraft:poisonous_potato":3,"minecraft:sand":556,"minecraft:melon":1,"minecraft:acacia_stairs":78,"minecraft:shulker_box":25,"minecraft:barrel":3,"minecraft:mossy_cobblestone":12,"minecraft:iron_hoe":3,"minecraft:diamond":48,"minecraft:lever":6,"minecraft:granite":57,"minecraft:bone_meal":15,"minecraft:emerald":55,"minecraft:bread":125,"minecraft:oak_sapling":4,"minecraft:netherrack":10,"minecraft:crimson_roots":1,"minecraft:diamond_pickaxe":3,"minecraft:end_stone_bricks":16,"minecraft:cocoa_beans":6,"minecraft:crafting_table":14,"minecraft:brown_mushroom":23,"minecraft:wooden_pickaxe":1,"minecraft:gold_block":2,"minecraft:dragon_head":1,"minecraft:purpur_block":26,"minecraft:shield":4,"minecraft:elytra":2,"minecraft:red_bed":29,"minecraft:iron_axe":2,"minecraft:acacia_door":2,"minecraft:flint_and_steel":1,"minecraft:iron_shovel":2,"minecraft:cartography_table":2,"minecraft:beef":45,"minecraft:poppy":10,"minecraft:lectern":31,"minecraft:sugar_cane":228,"minecraft:chest":38,"minecraft:egg":3,"minecraft:raw_iron":51,"minecraft:cake":2,"minecraft:cookie":72,"minecraft:carrot":1355,"minecraft:redstone":86,"minecraft:prismarine_crystals":4,"minecraft:tnt":2,"minecraft:arrow":36,"minecraft:diamond_chestplate":2,"minecraft:cooked_cod":3,"minecraft:beetroot_seeds":10,"minecraft:nether_bricks":1,"minecraft:shears":1,"minecraft:diamond_boots":3,"minecraft:hay_block":118,"minecraft:purpur_slab":7,"minecraft:gold_ingot":23,"minecraft:mutton":16,"minecraft:white_wool":10,"minecraft:bone_block":118,"minecraft:tripwire_hook":11,"minecraft:leather":27,"minecraft:red_mushroom":22,"minecraft:acacia_wood":60,"minecraft:filled_map":1,"minecraft:purpur_stairs":1,"minecraft:oak_log":36,"minecraft:lily_pad":1,"minecraft:paper":2,"minecraft:orange_terracotta":62,"minecraft:cooked_mutton":6,"minecraft:apple":38,"minecraft:stone_bricks":57,"minecraft:kelp":14,"minecraft:acacia_trapdoor":12,"minecraft:wild_armor_trim_smithing_template":4,"minecraft:heart_of_the_sea":1,"minecraft:iron_ingot":93,"minecraft:glass_bottle":3,"minecraft:acacia_sapling":9,"minecraft:book":775,"minecraft:warped_fungus":1,"minecraft:pumpkin":26,"minecraft:dandelion":5,"minecraft:gravel":104,"minecraft:blast_furnace":3,"minecraft:white_bed":3,"minecraft:mossy_stone_brick_slab":1,"minecraft:diamond_shovel":2,"minecraft:slime_ball":96,"minecraft:diamond_axe":4,"minecraft:warped_roots":12,"minecraft:oak_button":1,"minecraft:mangrove_propagule":1,"minecraft:brown_banner":15,"minecraft:acacia_slab":21,"minecraft:melon_seeds":22,"minecraft:warped_nylium":6,"minecraft:coal":226,"minecraft:hopper":2,"minecraft:ender_pearl":12},"minecraft:dropped":{"minecraft:warped_fungus":1,"minecraft:glass_bottle":2,"minecraft:warped_roots":10,"minecraft:purpur_stairs":1,"minecraft:dirt":33,"minecraft:bone":4,"minecraft:gravel":7,"minecraft:wheat":38,"minecraft:rotten_flesh":4,"minecraft:nether_brick_fence":1,"minecraft:carrot":620,"minecraft:poppy":3,"minecraft:melon_seeds":3,"minecraft:jungle_log":2,"minecraft:end_stone_bricks":10,"minecraft:arrow":2,"minecraft:netherrack":8,"minecraft:water_bucket":1,"minecraft:bread":407,"minecraft:wheat_seeds":37,"minecraft:poisonous_potato":2,"minecraft:cobblestone":33,"minecraft:apple":2,"minecraft:diorite":2,"minecraft:iron_door":1,"minecraft:iron_axe":1,"minecraft:bucket":1,"minecraft:warped_nylium":3,"minecraft:raw_copper":4,"minecraft:nether_bricks":1,"minecraft:oak_button":1,"minecraft:mossy_stone_bricks":7,"minecraft:oak_sapling":3,"minecraft:diamond_boots":1,"minecraft:bow":1},"minecraft:killed":{"minecraft:spider":8,"minecraft:shulker":37,"minecraft:skeleton":31,"minecraft:chicken":3,"minecraft:silverfish":11,"minecraft:magma_cube":9,"minecraft:piglin":2,"minecraft:pig":15,"minecraft:zombie_villager":2,"minecraft:iron_golem":2,"minecraft:ender_dragon":1,"minecraft:creeper":10,"minecraft:sheep":16,"minecraft:zombie":45,"minecraft:ghast":1,"minecraft:cow":19,"minecraft:blaze":17,"minecraft:slime":152,"minecraft:drowned":4,"minecraft:wither_skeleton":16,"minecraft:enderman":25},"minecraft:used":{"minecraft:iron_shovel":1020,"minecraft:polished_deepslate":101,"minecraft:poppy":2,"minecraft:diamond_hoe":23,"minecraft:oak_sign":22,"minecraft:chest":22,"minecraft:shield":28,"minecraft:stone":305,"minecraft:carrot":791,"minecraft:acacia_sapling":1,"minecraft:obsidian":30,"minecraft:glass":448,"minecraft:lava_bucket":12,"minecraft:warped_nylium":3,"minecraft:crimson_roots":1,"minecraft:bow":36,"minecraft:oak_sapling":1,"minecraft:furnace":19,"minecraft:acacia_fence":4,"minecraft:potato":248,"minecraft:dragon_head":1,"minecraft:diorite":1,"minecraft:diamond_boots":1,"minecraft:acacia_trapdoor":10,"minecraft:stone_pickaxe":58,"minecraft:oak_planks":4,"minecraft:ender_pearl":1,"minecraft:wooden_pickaxe":3,"minecraft:composter":18,"minecraft:sugar_cane":17,"minecraft:diamond_axe":985,"minecraft:sand":6,"minecraft:blast_furnace":4,"minecraft:shears":6,"minecraft:lever":6,"minecraft:string":29,"minecraft:bread":4,"minecraft:lectern":32,"minecraft:iron_door":5,"minecraft:gravel":41,"minecraft:diamond_sword":1037,"minecraft:tropical_fish_bucket":1,"minecraft:bone_meal":583,"minecraft:purpur_block":14,"minecraft:stone_sword":127,"minecraft:acacia_log":20,"minecraft:flint_and_steel":30,"minecraft:stone_shovel":143,"minecraft:stone_hoe":135,"minecraft:netherrack":2,"minecraft:orange_bed":1,"minecraft:torch":72,"minecraft:brewing_stand":1,"minecraft:dirt":996,"minecraft:anvil":1,"minecraft:hopper":2,"minecraft:shulker_box":5,"minecraft:granite":21,"minecraft:iron_hoe":323,"minecraft:iron_axe":391,"minecraft:acacia_slab":16,"minecraft:bamboo":142,"minecraft:diamond_chestplate":1,"minecraft:tripwire_hook":11,"minecraft:glowstone":5,"minecraft:cooked_beef":35,"minecraft:cobbled_deepslate":15,"minecraft:acacia_planks":161,"minecraft:wheat_seeds":862,"minecraft:cooked_mutton":11,"minecraft:acacia_boat":5,"minecraft:water_bucket":72,"minecraft:baked_potato":23,"minecraft:fletching_table":15,"minecraft:warped_roots":2,"minecraft:red_mushroom":1,"minecraft:red_bed":30,"minecraft:crafting_table":12,"minecraft:white_bed":4,"minecraft:cake":6,"minecraft:smoker":3,"minecraft:ender_eye":11,"minecraft:diamond_pickaxe":3073,"minecraft:acacia_stairs":93,"minecraft:diamond_shovel":887,"minecraft:oak_button":1,"minecraft:iron_pickaxe":281,"minecraft:purpur_slab":3,"minecraft:acacia_fence_gate":12,"minecraft:stone_axe":108,"minecraft:cobblestone":193,"minecraft:potion":1,"minecraft:cooked_porkchop":29,"minecraft:bucket":102,"minecraft:diamond_leggings":1},"minecraft:mined":{"minecraft:dragon_wall_head":1,"minecraft:spruce_planks":10,"minecraft:white_bed":3,"minecraft:farmland":45,"minecraft:mossy_stone_brick_slab":1,"minecraft:jungle_leaves":3,"minecraft:brewing_stand":2,"minecraft:obsidian":28,"minecraft:granite":58,"minecraft:acacia_log":396,"minecraft:grass_block":777,"minecraft:purpur_slab":3,"minecraft:composter":18,"minecraft:hopper":1,"minecraft:oak_wall_sign":12,"minecraft:chiseled_stone_bricks":3,"minecraft:spawner":1,"minecraft:magma_block":3,"minecraft:glowstone":6,"minecraft:fire":23,"minecraft:iron_ore":48,"minecraft:cobbled_deepslate":3,"minecraft:sticky_piston":3,"minecraft:barrel":3,"minecraft:pumpkin":12,"minecraft:fletching_table":11,"minecraft:dirt_path":162,"minecraft:iron_bars":12,"minecraft:end_stone_bricks":16,"minecraft:tripwire":20,"minecraft:orange_bed":3,"minecraft:deepslate_redstone_ore":16,"minecraft:red_bed":27,"minecraft:kelp_plant":1,"minecraft:melon_stem":3,"minecraft:smoker":2,"minecraft:orange_terracotta":31,"minecraft:purpur_stairs":1,"minecraft:torch":14,"minecraft:blast_furnace":3,"minecraft:poppy":5,"minecraft:melon":9,"minecraft:chest":8,"minecraft:mushroom_stem":14,"minecraft:nether_quartz_ore":1,"minecraft:glass":5,"minecraft:cobblestone":61,"minecraft:grindstone":1,"minecraft:sugar_cane":136,"minecraft:iron_door":9,"minecraft:wall_torch":7,"minecraft:warped_nylium":2,"minecraft:repeater":1,"minecraft:wheat":717,"minecraft:stone_brick_stairs":8,"minecraft:purpur_block":27,"minecraft:grass":520,"minecraft:infested_mossy_stone_bricks":1,"minecraft:oak_log":36,"minecraft:beetroots":5,"minecraft:acacia_fence":12,"minecraft:sand":560,"minecraft:dirt":476,"minecraft:tripwire_hook":9,"minecraft:red_mushroom_block":90,"minecraft:stonecutter":1,"minecraft:netherrack":557,"minecraft:oak_leaves":15,"minecraft:deepslate":202,"minecraft:tuff":52,"minecraft:mossy_cobblestone":6,"minecraft:deepslate_diamond_ore":41,"minecraft:shulker_box":5,"minecraft:end_stone":6,"minecraft:glow_lichen":1,"minecraft:lever":4,"minecraft:nether_bricks":1,"minecraft:jungle_planks":3,"minecraft:crimson_roots":2,"minecraft:redstone_wire":2,"minecraft:brown_mushroom_block":45,"minecraft:acacia_slab":12,"minecraft:kelp":5,"minecraft:cartography_table":2,"minecraft:mangrove_propagule":2,"minecraft:hay_block":118,"minecraft:furnace":1,"minecraft:carrots":522,"minecraft:acacia_trapdoor":10,"minecraft:nether_sprouts":1,"minecraft:acacia_wood":52,"minecraft:acacia_stairs":79,"minecraft:andesite":45,"minecraft:gold_block":2,"minecraft:nether_brick_fence":1,"minecraft:polished_deepslate":5,"minecraft:bookshelf":135,"minecraft:potatoes":235,"minecraft:deepslate_iron_ore":6,"minecraft:bamboo":149,"minecraft:stone":1542,"minecraft:bone_block":92,"minecraft:ender_chest":3,"minecraft:acacia_leaves":54,"minecraft:glass_pane":10,"minecraft:infested_stone_bricks":10,"minecraft:dandelion":3,"minecraft:oak_fence":2,"minecraft:crafting_table":10,"minecraft:warped_roots":2,"minecraft:rose_bush":1,"minecraft:lectern":31,"minecraft:tall_grass":46,"minecraft:purpur_pillar":6,"minecraft:copper_ore":5,"minecraft:lily_pad":1,"minecraft:sculk":1,"minecraft:diorite":18,"minecraft:spruce_stairs":2,"minecraft:cactus":3,"minecraft:acacia_fence_gate":4,"minecraft:coal_ore":127,"minecraft:cocoa":1,"minecraft:gravel":87,"minecraft:acacia_door":1,"minecraft:cobweb":3,"minecraft:cracked_stone_bricks":27,"minecraft:acacia_planks":155,"minecraft:oak_button":1,"minecraft:stone_bricks":64,"minecraft:mossy_stone_bricks":39,"minecraft:fern":5}},"DataVersion":3465}