{"stats":{"minecraft:mined":{"minecraft:dragon_wall_head":1,"minecraft:white_bed":3,"minecraft:farmland":21,"minecraft:jungle_leaves":3,"minecraft:brewing_stand":1,"minecraft:obsidian":10,"minecraft:granite":18,"minecraft:acacia_log":383,"minecraft:grass_block":469,"minecraft:purpur_slab":2,"minecraft:composter":6,"minecraft:hopper":1,"minecraft:chiseled_stone_bricks":3,"minecraft:spawner":1,"minecraft:glowstone":6,"minecraft:cobbled_deepslate":1,"minecraft:iron_ore":45,"minecraft:sticky_piston":3,"minecraft:barrel":3,"minecraft:pumpkin":12,"minecraft:fletching_table":7,"minecraft:dirt_path":154,"minecraft:end_stone_bricks":16,"minecraft:tripwire":20,"minecraft:orange_bed":3,"minecraft:deepslate_redstone_ore":16,"minecraft:red_bed":11,"minecraft:kelp_plant":1,"minecraft:melon_stem":2,"minecraft:smoker":2,"minecraft:orange_terracotta":31,"minecraft:purpur_stairs":1,"minecraft:torch":5,"minecraft:blast_furnace":3,"minecraft:poppy":3,"minecraft:melon":8,"minecraft:chest":7,"minecraft:cobblestone":24,"minecraft:grindstone":1,"minecraft:sugar_cane":77,"minecraft:iron_door":9,"minecraft:wall_torch":5,"minecraft:warped_nylium":2,"minecraft:repeater":1,"minecraft:wheat":471,"minecraft:purpur_block":27,"minecraft:grass":245,"minecraft:infested_mossy_stone_bricks":1,"minecraft:oak_log":16,"minecraft:beetroots":5,"minecraft:acacia_fence":12,"minecraft:sand":6,"minecraft:dirt":132,"minecraft:tripwire_hook":9,"minecraft:stonecutter":1,"minecraft:netherrack":2,"minecraft:oak_leaves":7,"minecraft:deepslate":202,"minecraft:tuff":52,"minecraft:mossy_cobblestone":6,"minecraft:deepslate_diamond_ore":41,"minecraft:shulker_box":2,"minecraft:end_stone":6,"minecraft:glow_lichen":1,"minecraft:lever":4,"minecraft:nether_bricks":1,"minecraft:redstone_wire":2,"minecraft:acacia_slab":5,"minecraft:cartography_table":2,"minecraft:kelp":5,"minecraft:hay_block":118,"minecraft:furnace":1,"minecraft:carrots":59,"minecraft:acacia_trapdoor":10,"minecraft:nether_sprouts":1,"minecraft:acacia_wood":52,"minecraft:acacia_stairs":75,"minecraft:nether_brick_fence":1,"minecraft:bookshelf":135,"minecraft:potatoes":18,"minecraft:deepslate_iron_ore":6,"minecraft:bamboo":149,"minecraft:stone":233,"minecraft:bone_block":27,"minecraft:ender_chest":3,"minecraft:acacia_leaves":52,"minecraft:glass_pane":10,"minecraft:infested_stone_bricks":3,"minecraft:dandelion":3,"minecraft:oak_fence":2,"minecraft:crafting_table":9,"minecraft:warped_roots":2,"minecraft:lectern":30,"minecraft:tall_grass":27,"minecraft:purpur_pillar":6,"minecraft:copper_ore":2,"minecraft:sculk":1,"minecraft:diorite":8,"minecraft:cactus":3,"minecraft:acacia_fence_gate":2,"minecraft:coal_ore":57,"minecraft:cocoa":1,"minecraft:gravel":54,"minecraft:acacia_door":1,"minecraft:cobweb":3,"minecraft:acacia_planks":144,"minecraft:stone_bricks":1,"minecraft:mossy_stone_bricks":1,"minecraft:fern":5},"minecraft:broken":{"minecraft:iron_shovel":1,"minecraft:stone_shovel":1,"minecraft:iron_hoe":1,"minecraft:stone_hoe":1,"minecraft:iron_axe":1,"minecraft:iron_pickaxe":1},"minecraft:killed_by":{"minecraft:enderman":1,"minecraft:ender_dragon":1},"minecraft:crafted":{"minecraft:oak_planks":48,"minecraft:smooth_stone":3,"minecraft:melon":5,"minecraft:blaze_powder":14,"minecraft:stone":4,"minecraft:lever":1,"minecraft:diamond_shovel":1,"minecraft:bookshelf":1,"minecraft:shulker_box":10,"minecraft:cooked_mutton":11,"minecraft:cake":8,"minecraft:bamboo_block":7,"minecraft:hopper":1,"minecraft:diamond_helmet":1,"minecraft:bow":12,"minecraft:diamond_leggings":1,"minecraft:chest":47,"minecraft:stone_hoe":1,"minecraft:ender_eye":12,"minecraft:smoker":1,"minecraft:arrow":32,"minecraft:emerald":118,"minecraft:cooked_porkchop":29,"minecraft:diamond_axe":1,"minecraft:crafting_table":5,"minecraft:acacia_slab":6,"minecraft:wooden_pickaxe":1,"minecraft:fletching_table":4,"minecraft:apple":36,"minecraft:bamboo_planks":14,"minecraft:lectern":1,"minecraft:book":11,"minecraft:paper":30,"minecraft:diamond_pickaxe":1,"minecraft:shield":1,"minecraft:stick":3000,"minecraft:iron_ingot":30,"minecraft:iron_pickaxe":1,"minecraft:iron_block":3,"minecraft:stone_sword":1,"minecraft:shears":1,"minecraft:cookie":72,"minecraft:stone_shovel":1,"minecraft:tripwire_hook":2,"minecraft:furnace":3,"minecraft:acacia_fence_gate":9,"minecraft:blast_furnace":1,"minecraft:bone_meal":51,"minecraft:flint_and_steel":1,"minecraft:iron_axe":2,"minecraft:iron_hoe":2,"minecraft:stone_pickaxe":2,"minecraft:diamond_boots":1,"minecraft:wheat":1062,"minecraft:cooked_beef":35,"minecraft:red_dye":3,"minecraft:diamond_sword":1,"minecraft:acacia_trapdoor":2,"minecraft:red_bed":3,"minecraft:stone_axe":1,"minecraft:glowstone":5,"minecraft:enchanted_book":1,"minecraft:bread":241,"minecraft:air":0,"minecraft:iron_shovel":1,"minecraft:anvil":1,"minecraft:white_bed":2,"minecraft:acacia_planks":1564,"minecraft:torch":20,"minecraft:diamond_chestplate":1},"minecraft:picked_up":{"minecraft:shulker_shell":20,"minecraft:wheat":273,"minecraft:nether_brick_fence":1,"minecraft:diamond_sword":3,"minecraft:enchanted_book":3,"minecraft:brewing_stand":1,"minecraft:string":34,"minecraft:raw_copper":9,"minecraft:sticky_piston":3,"minecraft:diamond_leggings":3,"minecraft:cobbled_deepslate":200,"minecraft:bucket":1,"minecraft:eye_armor_trim_smithing_template":6,"minecraft:acacia_fence_gate":2,"minecraft:ender_eye":1,"minecraft:iron_pickaxe":1,"minecraft:melon_slice":45,"minecraft:furnace":1,"minecraft:stick":12,"minecraft:acacia_fence":12,"minecraft:composter":6,"minecraft:purpur_pillar":5,"minecraft:torch":22,"minecraft:acacia_log":439,"minecraft:porkchop":29,"minecraft:diorite":8,"minecraft:orange_bed":3,"minecraft:cactus":4,"minecraft:rotten_flesh":15,"minecraft:blaze_rod":13,"minecraft:obsidian":82,"minecraft:cobblestone":254,"minecraft:blaze_powder":2,"minecraft:cooked_beef":54,"minecraft:iron_door":6,"minecraft:water_bucket":3,"minecraft:jungle_log":2,"minecraft:potato":18,"minecraft:smoker":2,"minecraft:flint":9,"minecraft:tuff":51,"minecraft:wither_skeleton_skull":2,"minecraft:dirt":812,"minecraft:bone":22,"minecraft:acacia_planks":190,"minecraft:stonecutter":1,"minecraft:bow":1,"minecraft:wheat_seeds":948,"minecraft:grindstone":1,"minecraft:glowstone_dust":20,"minecraft:fletching_table":7,"minecraft:diamond_helmet":2,"minecraft:bamboo":1597,"minecraft:sand":6,"minecraft:acacia_stairs":74,"minecraft:shulker_box":16,"minecraft:barrel":3,"minecraft:mossy_cobblestone":6,"minecraft:iron_hoe":3,"minecraft:diamond":41,"minecraft:lever":6,"minecraft:granite":17,"minecraft:bread":125,"minecraft:emerald":19,"minecraft:oak_sapling":3,"minecraft:netherrack":4,"minecraft:diamond_pickaxe":3,"minecraft:end_stone_bricks":16,"minecraft:cocoa_beans":3,"minecraft:crafting_table":11,"minecraft:dragon_head":1,"minecraft:purpur_block":20,"minecraft:shield":4,"minecraft:elytra":2,"minecraft:red_bed":12,"minecraft:acacia_door":1,"minecraft:iron_axe":1,"minecraft:iron_shovel":2,"minecraft:cartography_table":2,"minecraft:beef":45,"minecraft:poppy":7,"minecraft:lectern":30,"minecraft:sugar_cane":106,"minecraft:chest":29,"minecraft:egg":2,"minecraft:raw_iron":50,"minecraft:carrot":119,"minecraft:redstone":75,"minecraft:arrow":28,"minecraft:diamond_chestplate":2,"minecraft:beetroot_seeds":5,"minecraft:nether_bricks":1,"minecraft:diamond_boots":3,"minecraft:hay_block":118,"minecraft:purpur_slab":4,"minecraft:gold_ingot":22,"minecraft:mutton":16,"minecraft:white_wool":10,"minecraft:bone_block":54,"minecraft:tripwire_hook":11,"minecraft:leather":22,"minecraft:acacia_wood":50,"minecraft:filled_map":1,"minecraft:purpur_stairs":1,"minecraft:oak_log":16,"minecraft:orange_terracotta":31,"minecraft:cooked_mutton":6,"minecraft:kelp":14,"minecraft:acacia_trapdoor":10,"minecraft:iron_ingot":79,"minecraft:glass_bottle":2,"minecraft:acacia_sapling":9,"minecraft:book":768,"minecraft:warped_fungus":1,"minecraft:pumpkin":13,"minecraft:dandelion":5,"minecraft:gravel":45,"minecraft:blast_furnace":3,"minecraft:white_bed":3,"minecraft:diamond_shovel":2,"minecraft:diamond_axe":4,"minecraft:warped_roots":12,"minecraft:brown_banner":13,"minecraft:acacia_slab":7,"minecraft:melon_seeds":13,"minecraft:warped_nylium":6,"minecraft:coal":109,"minecraft:hopper":1,"minecraft:ender_pearl":12},"minecraft:used":{"minecraft:iron_shovel":258,"minecraft:chest":14,"minecraft:shield":28,"minecraft:stone":1,"minecraft:carrot":119,"minecraft:acacia_sapling":1,"minecraft:obsidian":10,"minecraft:lava_bucket":1,"minecraft:warped_nylium":3,"minecraft:bow":36,"minecraft:furnace":2,"minecraft:acacia_fence":4,"minecraft:potato":18,"minecraft:dragon_head":1,"minecraft:diamond_boots":1,"minecraft:acacia_trapdoor":10,"minecraft:stone_pickaxe":58,"minecraft:oak_planks":4,"minecraft:ender_pearl":1,"minecraft:wooden_pickaxe":3,"minecraft:composter":6,"minecraft:diamond_axe":684,"minecraft:sugar_cane":16,"minecraft:sand":6,"minecraft:blast_furnace":4,"minecraft:shears":6,"minecraft:lever":6,"minecraft:string":29,"minecraft:bread":4,"minecraft:lectern":31,"minecraft:iron_door":5,"minecraft:gravel":41,"minecraft:diamond_sword":585,"minecraft:bone_meal":51,"minecraft:purpur_block":14,"minecraft:stone_sword":127,"minecraft:acacia_log":20,"minecraft:flint_and_steel":1,"minecraft:stone_shovel":143,"minecraft:stone_hoe":135,"minecraft:netherrack":2,"minecraft:orange_bed":1,"minecraft:torch":28,"minecraft:brewing_stand":1,"minecraft:dirt":737,"minecraft:anvil":1,"minecraft:hopper":1,"minecraft:shulker_box":2,"minecraft:iron_hoe":323,"minecraft:iron_axe":391,"minecraft:acacia_slab":4,"minecraft:bamboo":142,"minecraft:diamond_chestplate":1,"minecraft:glowstone":5,"minecraft:tripwire_hook":11,"minecraft:cooked_beef":25,"minecraft:acacia_planks":150,"minecraft:cobbled_deepslate":13,"minecraft:wheat_seeds":519,"minecraft:cooked_mutton":11,"minecraft:water_bucket":63,"minecraft:fletching_table":11,"minecraft:warped_roots":2,"minecraft:crafting_table":11,"minecraft:red_bed":13,"minecraft:white_bed":4,"minecraft:cake":6,"minecraft:smoker":3,"minecraft:ender_eye":11,"minecraft:diamond_pickaxe":570,"minecraft:acacia_stairs":74,"minecraft:diamond_shovel":412,"minecraft:iron_pickaxe":281,"minecraft:acacia_fence_gate":10,"minecraft:stone_axe":108,"minecraft:cobblestone":30,"minecraft:potion":1,"minecraft:cooked_porkchop":29,"minecraft:bucket":65,"minecraft:diamond_leggings":1},"minecraft:dropped":{"minecraft:warped_fungus":1,"minecraft:glass_bottle":2,"minecraft:warped_roots":10,"minecraft:purpur_stairs":1,"minecraft:dirt":33,"minecraft:gravel":4,"minecraft:wheat":35,"minecraft:rotten_flesh":4,"minecraft:nether_brick_fence":1,"minecraft:poppy":3,"minecraft:jungle_log":2,"minecraft:end_stone_bricks":10,"minecraft:bread":370,"minecraft:wheat_seeds":3,"minecraft:cobblestone":12,"minecraft:iron_door":1,"minecraft:iron_axe":1,"minecraft:bucket":1,"minecraft:warped_nylium":3,"minecraft:nether_bricks":1,"minecraft:oak_sapling":3,"minecraft:diamond_boots":1,"minecraft:bow":1},"minecraft:killed":{"minecraft:spider":2,"minecraft:shulker":37,"minecraft:skeleton":7,"minecraft:silverfish":3,"minecraft:magma_cube":9,"minecraft:piglin":1,"minecraft:pig":13,"minecraft:iron_golem":2,"minecraft:ender_dragon":1,"minecraft:creeper":4,"minecraft:sheep":10,"minecraft:zombie":12,"minecraft:cow":19,"minecraft:blaze":17,"minecraft:drowned":4,"minecraft:wither_skeleton":16,"minecraft:enderman":24},"minecraft:custom":{"minecraft:interact_with_crafting_table":57,"minecraft:open_shulker_box":5,"minecraft:bell_ring":6,"minecraft:leave_game":34,"minecraft:time_since_death":39582,"minecraft:sprint_one_cm":1019624,"minecraft:damage_blocked_by_shield":2265,"minecraft:drop":45,"minecraft:talked_to_villager":111,"minecraft:play_time":410677,"minecraft:deaths":4,"minecraft:jump":5683,"minecraft:interact_with_brewingstand":1,"minecraft:walk_on_water_one_cm":62795,"minecraft:interact_with_furnace":15,"minecraft:traded_with_villager":154,"minecraft:sleep_in_bed":19,"minecraft:open_enderchest":9,"minecraft:damage_dealt":41300,"minecraft:crouch_one_cm":122860,"minecraft:interact_with_smoker":22,"minecraft:mob_kills":190,"minecraft:interact_with_anvil":2,"minecraft:climb_one_cm":4341,"minecraft:walk_one_cm":999268,"minecraft:sneak_time":34348,"minecraft:walk_under_water_one_cm":61273,"minecraft:interact_with_blast_furnace":9,"minecraft:total_world_time":410677,"minecraft:time_since_rest":33296,"minecraft:damage_taken":4662,"minecraft:swim_one_cm":36212,"minecraft:fly_one_cm":4470442,"minecraft:open_chest":186,"minecraft:aviate_one_cm":1102142,"minecraft:fall_one_cm":197817}},"DataVersion":3465}