{"stats":{"minecraft:broken":{"minecraft:iron_shovel":1,"minecraft:iron_axe":1,"minecraft:stone_shovel":1},"minecraft:used":{"minecraft:stone_sword":123,"minecraft:iron_shovel":258,"minecraft:acacia_log":8,"minecraft:stone_shovel":143,"minecraft:chest":6,"minecraft:stone_hoe":64,"minecraft:orange_bed":1,"minecraft:torch":7,"minecraft:dirt":390,"minecraft:hopper":1,"minecraft:acacia_sapling":1,"minecraft:iron_axe":389,"minecraft:tripwire_hook":11,"minecraft:furnace":1,"minecraft:acacia_planks":109,"minecraft:cooked_mutton":5,"minecraft:water_bucket":38,"minecraft:acacia_trapdoor":10,"minecraft:stone_pickaxe":58,"minecraft:wooden_pickaxe":3,"minecraft:fletching_table":6,"minecraft:sugar_cane":13,"minecraft:crafting_table":5,"minecraft:red_bed":6,"minecraft:white_bed":3,"minecraft:shears":6,"minecraft:smoker":2,"minecraft:lever":6,"minecraft:bread":4,"minecraft:string":29,"minecraft:iron_pickaxe":31,"minecraft:gravel":38,"minecraft:acacia_fence_gate":4,"minecraft:stone_axe":108,"minecraft:cobblestone":3,"minecraft:cooked_porkchop":13,"minecraft:bucket":39},"minecraft:dropped":{"minecraft:bread":307,"minecraft:iron_axe":1,"minecraft:bucket":1,"minecraft:wheat":34,"minecraft:poppy":3},"minecraft:custom":{"minecraft:mob_kills":34,"minecraft:interact_with_crafting_table":32,"minecraft:bell_ring":6,"minecraft:leave_game":5,"minecraft:time_since_death":124685,"minecraft:sprint_one_cm":358072,"minecraft:walk_one_cm":311655,"minecraft:drop":10,"minecraft:talked_to_villager":38,"minecraft:play_time":124685,"minecraft:sneak_time":12851,"minecraft:walk_under_water_one_cm":5306,"minecraft:jump":2289,"minecraft:walk_on_water_one_cm":44464,"minecraft:total_world_time":124685,"minecraft:interact_with_furnace":4,"minecraft:traded_with_villager":66,"minecraft:sleep_in_bed":9,"minecraft:time_since_rest":1258,"minecraft:damage_taken":815,"minecraft:damage_dealt":5272,"minecraft:swim_one_cm":6960,"minecraft:fly_one_cm":454610,"minecraft:open_chest":35,"minecraft:crouch_one_cm":55606,"minecraft:interact_with_smoker":13,"minecraft:fall_one_cm":52753},"minecraft:crafted":{"minecraft:oak_planks":24,"minecraft:stone_shovel":1,"minecraft:tripwire_hook":2,"minecraft:furnace":2,"minecraft:acacia_fence_gate":9,"minecraft:lever":1,"minecraft:cooked_mutton":11,"minecraft:hopper":1,"minecraft:bow":12,"minecraft:iron_axe":2,"minecraft:stone_pickaxe":2,"minecraft:chest":15,"minecraft:stone_hoe":1,"minecraft:smoker":1,"minecraft:wheat":540,"minecraft:cooked_beef":4,"minecraft:red_dye":3,"minecraft:emerald":54,"minecraft:cooked_porkchop":29,"minecraft:crafting_table":1,"minecraft:wooden_pickaxe":1,"minecraft:acacia_trapdoor":2,"minecraft:red_bed":3,"minecraft:fletching_table":3,"minecraft:stone_axe":1,"minecraft:bread":191,"minecraft:air":0,"minecraft:stick":1784,"minecraft:iron_ingot":13,"minecraft:iron_pickaxe":1,"minecraft:stone_sword":1,"minecraft:iron_shovel":1,"minecraft:white_bed":1,"minecraft:acacia_planks":1068,"minecraft:torch":12,"minecraft:shears":1},"minecraft:mined":{"minecraft:white_bed":3,"minecraft:farmland":4,"minecraft:brewing_stand":1,"minecraft:glow_lichen":1,"minecraft:lever":4,"minecraft:acacia_log":246,"minecraft:grass_block":185,"minecraft:cartography_table":2,"minecraft:composter":4,"minecraft:hopper":1,"minecraft:hay_block":60,"minecraft:acacia_trapdoor":10,"minecraft:iron_ore":13,"minecraft:barrel":3,"minecraft:acacia_wood":40,"minecraft:acacia_stairs":3,"minecraft:fletching_table":3,"minecraft:dirt_path":101,"minecraft:stone":49,"minecraft:tripwire":19,"minecraft:orange_bed":3,"minecraft:acacia_leaves":37,"minecraft:glass_pane":5,"minecraft:red_bed":3,"minecraft:melon_stem":2,"minecraft:smoker":1,"minecraft:dandelion":3,"minecraft:crafting_table":4,"minecraft:poppy":3,"minecraft:chest":3,"minecraft:tall_grass":18,"minecraft:copper_ore":2,"minecraft:cobblestone":3,"minecraft:grindstone":1,"minecraft:sugar_cane":18,"minecraft:wall_torch":2,"minecraft:acacia_fence_gate":2,"minecraft:wheat":50,"minecraft:grass":117,"minecraft:oak_log":10,"minecraft:coal_ore":19,"minecraft:acacia_fence":6,"minecraft:gravel":45,"minecraft:dirt":101,"minecraft:acacia_planks":109,"minecraft:tripwire_hook":8,"minecraft:stonecutter":1,"minecraft:oak_leaves":4},"minecraft:killed":{"minecraft:spider":2,"minecraft:pig":13,"minecraft:iron_golem":2,"minecraft:creeper":3,"minecraft:sheep":7,"minecraft:zombie":1,"minecraft:cow":5},"minecraft:picked_up":{"minecraft:crafting_table":4,"minecraft:wheat":69,"minecraft:brewing_stand":1,"minecraft:red_bed":3,"minecraft:string":34,"minecraft:raw_copper":9,"minecraft:iron_axe":1,"minecraft:cartography_table":2,"minecraft:bucket":1,"minecraft:beef":14,"minecraft:acacia_fence_gate":2,"minecraft:poppy":7,"minecraft:sugar_cane":26,"minecraft:chest":3,"minecraft:egg":1,"minecraft:stick":6,"minecraft:raw_iron":13,"minecraft:acacia_fence":6,"minecraft:composter":4,"minecraft:torch":10,"minecraft:acacia_log":237,"minecraft:porkchop":29,"minecraft:orange_bed":3,"minecraft:rotten_flesh":2,"minecraft:hay_block":60,"minecraft:mutton":11,"minecraft:cobblestone":52,"minecraft:white_wool":7,"minecraft:tripwire_hook":11,"minecraft:leather":6,"minecraft:smoker":1,"minecraft:acacia_wood":38,"minecraft:flint":7,"minecraft:oak_log":10,"minecraft:dirt":391,"minecraft:acacia_planks":109,"minecraft:stonecutter":1,"minecraft:wheat_seeds":146,"minecraft:acacia_trapdoor":10,"minecraft:grindstone":1,"minecraft:iron_ingot":7,"minecraft:fletching_table":3,"minecraft:acacia_sapling":9,"minecraft:dandelion":5,"minecraft:gravel":38,"minecraft:white_bed":3,"minecraft:acacia_stairs":3,"minecraft:barrel":3,"minecraft:lever":6,"minecraft:bread":116,"minecraft:brown_banner":11,"minecraft:melon_seeds":7,"minecraft:coal":19,"minecraft:hopper":1}},"DataVersion":3465}